SiteID,Date,Runoff (in),Sediment (pounds)
WRE1,1/1/1977,0,0
WRE1,1/2/1977,0,0
WRE1,1/3/1977,0,0
WRE1,1/4/1977,0,0
WRE1,1/5/1977,0,0
WRE1,1/6/1977,0,0
WRE1,1/7/1977,0,0
WRE1,1/8/1977,0,0
WRE1,1/9/1977,0,0
WRE1,1/10/1977,0,0
WRE1,1/11/1977,0,0
WRE1,1/12/1977,0,0
WRE1,1/13/1977,0,0
WRE1,1/14/1977,0,0
WRE1,1/15/1977,0,0
WRE1,1/16/1977,0,0
WRE1,1/17/1977,0,0
WRE1,1/18/1977,0,0
WRE1,1/19/1977,0,0
WRE1,1/20/1977,0,0
WRE1,1/21/1977,0,0
WRE1,1/22/1977,0,0
WRE1,1/23/1977,0,0
WRE1,1/24/1977,0,0
WRE1,1/25/1977,0,0
WRE1,1/26/1977,0,0
WRE1,1/27/1977,0,0
WRE1,1/28/1977,0,0
WRE1,1/29/1977,0,0
WRE1,1/30/1977,0,0
WRE1,1/31/1977,0,0
WRE1,2/1/1977,0,0
WRE1,2/2/1977,0,0
WRE1,2/3/1977,0,0
WRE1,2/4/1977,0,0
WRE1,2/5/1977,0,0
WRE1,2/6/1977,0,0
WRE1,2/7/1977,0,0
WRE1,2/8/1977,0,0
WRE1,2/9/1977,0,0
WRE1,2/10/1977,0,0
WRE1,2/11/1977,0,0
WRE1,2/12/1977,0,0
WRE1,2/13/1977,0,0
WRE1,2/14/1977,0,0
WRE1,2/15/1977,0,0
WRE1,2/16/1977,0,0
WRE1,2/17/1977,0,0
WRE1,2/18/1977,0,0
WRE1,2/19/1977,0,0
WRE1,2/20/1977,0,0
WRE1,2/21/1977,0,0
WRE1,2/22/1977,0,0
WRE1,2/23/1977,0,0
WRE1,2/24/1977,0,0
WRE1,2/25/1977,0,0
WRE1,2/26/1977,0,0
WRE1,2/27/1977,0,0
WRE1,2/28/1977,0,0
WRE1,3/1/1977,0,0
WRE1,3/2/1977,0,0
WRE1,3/3/1977,0,0
WRE1,3/4/1977,0,0
WRE1,3/5/1977,0,0
WRE1,3/6/1977,0,0
WRE1,3/7/1977,0,0
WRE1,3/8/1977,0,0
WRE1,3/9/1977,0,0
WRE1,3/10/1977,0,0
WRE1,3/11/1977,0,0
WRE1,3/12/1977,0,0
WRE1,3/13/1977,0,0
WRE1,3/14/1977,0,0
WRE1,3/15/1977,0,0
WRE1,3/16/1977,0,0
WRE1,3/17/1977,0,0
WRE1,3/18/1977,0,0
WRE1,3/19/1977,0,0
WRE1,3/20/1977,0,0
WRE1,3/21/1977,0,0
WRE1,3/22/1977,0,0
WRE1,3/23/1977,0,0
WRE1,3/24/1977,0,0
WRE1,3/25/1977,0,0
WRE1,3/26/1977,0,0
WRE1,3/27/1977,0,0
WRE1,3/28/1977,0,0
WRE1,3/29/1977,0,0
WRE1,3/30/1977,0,0
WRE1,3/31/1977,0,0
WRE1,4/1/1977,0,0
WRE1,4/2/1977,0,0
WRE1,4/3/1977,0,0
WRE1,4/4/1977,0,0
WRE1,4/5/1977,0,0
WRE1,4/6/1977,0,0
WRE1,4/7/1977,0,0
WRE1,4/8/1977,0,0
WRE1,4/9/1977,0,0
WRE1,4/10/1977,0,0
WRE1,4/11/1977,0,0
WRE1,4/12/1977,0,0
WRE1,4/13/1977,0,0
WRE1,4/14/1977,0,0
WRE1,4/15/1977,0,0
WRE1,4/16/1977,0,0
WRE1,4/17/1977,0,0
WRE1,4/18/1977,0,0
WRE1,4/19/1977,0,0
WRE1,4/20/1977,0,0
WRE1,4/21/1977,0,0
WRE1,4/22/1977,0,0
WRE1,4/23/1977,0,0
WRE1,4/24/1977,0,0
WRE1,4/25/1977,0,0
WRE1,4/26/1977,0,0
WRE1,4/27/1977,0,0
WRE1,4/28/1977,0,0
WRE1,4/29/1977,0,0
WRE1,4/30/1977,0,0
WRE1,5/1/1977,0,0
WRE1,5/2/1977,0,0
WRE1,5/3/1977,0,0
WRE1,5/4/1977,0,0
WRE1,5/5/1977,0,0
WRE1,5/6/1977,0,0
WRE1,5/7/1977,0,0
WRE1,5/8/1977,0,0
WRE1,5/9/1977,0,0
WRE1,5/10/1977,0,0
WRE1,5/11/1977,0,0
WRE1,5/12/1977,0,0
WRE1,5/13/1977,0,0
WRE1,5/14/1977,0,0
WRE1,5/15/1977,0,0
WRE1,5/16/1977,0,0
WRE1,5/17/1977,0,0
WRE1,5/18/1977,0,0
WRE1,5/19/1977,0,0
WRE1,5/20/1977,0.94366,201.2173
WRE1,5/21/1977,0.01619,1.2847
WRE1,5/22/1977,0,0
WRE1,5/23/1977,0,0
WRE1,5/24/1977,0,0
WRE1,5/25/1977,0,0
WRE1,5/26/1977,0.08578,39.7886
WRE1,5/27/1977,0.18779,23.3198
WRE1,5/28/1977,0,0
WRE1,5/29/1977,0,0
WRE1,5/30/1977,0,0
WRE1,5/31/1977,0,0
WRE1,6/1/1977,0,0
WRE1,6/2/1977,0,0
WRE1,6/3/1977,0,0
WRE1,6/4/1977,0,0
WRE1,6/5/1977,0,0
WRE1,6/6/1977,0,0
WRE1,6/7/1977,0,0
WRE1,6/8/1977,0,0
WRE1,6/9/1977,0,0
WRE1,6/10/1977,0,0
WRE1,6/11/1977,0,0
WRE1,6/12/1977,0,0
WRE1,6/13/1977,0,0
WRE1,6/14/1977,0,0
WRE1,6/15/1977,0,0
WRE1,6/16/1977,0,0
WRE1,6/17/1977,0,0
WRE1,6/18/1977,0,0
WRE1,6/19/1977,0,0
WRE1,6/20/1977,0,0
WRE1,6/21/1977,0,0
WRE1,6/22/1977,0,0
WRE1,6/23/1977,0,0
WRE1,6/24/1977,0,0
WRE1,6/25/1977,0,0
WRE1,6/26/1977,0,0
WRE1,6/27/1977,0,0
WRE1,6/28/1977,0,0
WRE1,6/29/1977,0,0
WRE1,6/30/1977,0,0
WRE1,7/1/1977,0,0
WRE1,7/2/1977,0,0
WRE1,7/3/1977,0,0
WRE1,7/4/1977,0,0
WRE1,7/5/1977,0,0
WRE1,7/6/1977,0,0
WRE1,7/7/1977,0,0
WRE1,7/8/1977,0,0
WRE1,7/9/1977,0,0
WRE1,7/10/1977,0,0
WRE1,7/11/1977,0,0
WRE1,7/12/1977,0,0
WRE1,7/13/1977,0,0
WRE1,7/14/1977,0,0
WRE1,7/15/1977,0,0
WRE1,7/16/1977,0,0
WRE1,7/17/1977,0,0
WRE1,7/18/1977,0,0
WRE1,7/19/1977,0,0
WRE1,7/20/1977,0,0
WRE1,7/21/1977,0,0
WRE1,7/22/1977,0,0
WRE1,7/23/1977,0,0
WRE1,7/24/1977,0,0
WRE1,7/25/1977,0,0
WRE1,7/26/1977,0,0
WRE1,7/27/1977,0,0
WRE1,7/28/1977,0,0
WRE1,7/29/1977,0,0
WRE1,7/30/1977,0,0
WRE1,7/31/1977,0,0
WRE1,8/1/1977,0,0
WRE1,8/2/1977,0,0
WRE1,8/3/1977,0,0
WRE1,8/4/1977,0,0
WRE1,8/5/1977,0,0
WRE1,8/6/1977,0,0
WRE1,8/7/1977,0,0
WRE1,8/8/1977,0,0
WRE1,8/9/1977,0,0
WRE1,8/10/1977,0,0
WRE1,8/11/1977,0,0
WRE1,8/12/1977,0,0
WRE1,8/13/1977,0,0
WRE1,8/14/1977,0,0
WRE1,8/15/1977,0,0
WRE1,8/16/1977,0,0
WRE1,8/17/1977,0,0
WRE1,8/18/1977,0,0
WRE1,8/19/1977,0,0
WRE1,8/20/1977,0,0
WRE1,8/21/1977,0,0
WRE1,8/22/1977,0,0
WRE1,8/23/1977,0,0
WRE1,8/24/1977,0,0
WRE1,8/25/1977,0,0
WRE1,8/26/1977,0,0
WRE1,8/27/1977,0,0
WRE1,8/28/1977,0,0
WRE1,8/29/1977,0,0
WRE1,8/30/1977,0,0
WRE1,8/31/1977,0,0
WRE1,9/1/1977,0,0
WRE1,9/2/1977,0,0
WRE1,9/3/1977,0,0
WRE1,9/4/1977,0,0
WRE1,9/5/1977,0,0
WRE1,9/6/1977,0,0
WRE1,9/7/1977,0,0
WRE1,9/8/1977,0,0
WRE1,9/9/1977,0,0
WRE1,9/10/1977,0,0
WRE1,9/11/1977,0,0
WRE1,9/12/1977,0,0
WRE1,9/13/1977,0,0
WRE1,9/14/1977,0,0
WRE1,9/15/1977,0,0
WRE1,9/16/1977,0,0
WRE1,9/17/1977,0,0
WRE1,9/18/1977,0,0
WRE1,9/19/1977,0,0
WRE1,9/20/1977,0,0
WRE1,9/21/1977,0,0
WRE1,9/22/1977,0,0
WRE1,9/23/1977,0,0
WRE1,9/24/1977,0,0
WRE1,9/25/1977,0,0
WRE1,9/26/1977,0,0
WRE1,9/27/1977,0,0
WRE1,9/28/1977,0,0
WRE1,9/29/1977,0,0
WRE1,9/30/1977,0,0
WRE1,10/1/1977,0,0
WRE1,10/2/1977,0,0
WRE1,10/3/1977,0,0
WRE1,10/4/1977,0,0
WRE1,10/5/1977,0,0
WRE1,10/6/1977,0,0
WRE1,10/7/1977,0,0
WRE1,10/8/1977,0,0
WRE1,10/9/1977,0,0
WRE1,10/10/1977,0,0
WRE1,10/11/1977,0,0
WRE1,10/12/1977,0,0
WRE1,10/13/1977,0,0
WRE1,10/14/1977,0,0
WRE1,10/15/1977,0,0
WRE1,10/16/1977,0,0
WRE1,10/17/1977,0,0
WRE1,10/18/1977,0,0
WRE1,10/19/1977,0,0
WRE1,10/20/1977,0,0
WRE1,10/21/1977,0,0
WRE1,10/22/1977,0,0
WRE1,10/23/1977,0,0
WRE1,10/24/1977,0,0
WRE1,10/25/1977,0,0
WRE1,10/26/1977,0,0
WRE1,10/27/1977,0,0
WRE1,10/28/1977,0,0
WRE1,10/29/1977,0,0
WRE1,10/30/1977,0,0
WRE1,10/31/1977,0,0
WRE1,11/1/1977,0,0
WRE1,11/2/1977,0,0
WRE1,11/3/1977,0,0
WRE1,11/4/1977,0,0
WRE1,11/5/1977,0,0
WRE1,11/6/1977,0,0
WRE1,11/7/1977,0,0
WRE1,11/8/1977,0,0
WRE1,11/9/1977,0,0
WRE1,11/10/1977,0,0
WRE1,11/11/1977,0,0
WRE1,11/12/1977,0,0
WRE1,11/13/1977,0,0
WRE1,11/14/1977,0,0
WRE1,11/15/1977,0,0
WRE1,11/16/1977,0,0
WRE1,11/17/1977,0,0
WRE1,11/18/1977,0,0
WRE1,11/19/1977,0,0
WRE1,11/20/1977,0,0
WRE1,11/21/1977,0,0
WRE1,11/22/1977,0,0
WRE1,11/23/1977,0,0
WRE1,11/24/1977,0,0
WRE1,11/25/1977,0,0
WRE1,11/26/1977,0,0
WRE1,11/27/1977,0,0
WRE1,11/28/1977,0,0
WRE1,11/29/1977,0,0
WRE1,11/30/1977,0,0
WRE1,12/1/1977,0,0
WRE1,12/2/1977,0,0
WRE1,12/3/1977,0,0
WRE1,12/4/1977,0,0
WRE1,12/5/1977,0,0
WRE1,12/6/1977,0,0
WRE1,12/7/1977,0,0
WRE1,12/8/1977,0,0
WRE1,12/9/1977,0,0
WRE1,12/10/1977,0,0
WRE1,12/11/1977,0,0
WRE1,12/12/1977,0,0
WRE1,12/13/1977,0,0
WRE1,12/14/1977,0,0
WRE1,12/15/1977,0,0
WRE1,12/16/1977,0,0
WRE1,12/17/1977,0,0
WRE1,12/18/1977,0,0
WRE1,12/19/1977,0,0
WRE1,12/20/1977,0,0
WRE1,12/21/1977,0,0
WRE1,12/22/1977,0,0
WRE1,12/23/1977,0,0
WRE1,12/24/1977,0,0
WRE1,12/25/1977,0,0
WRE1,12/26/1977,0,0
WRE1,12/27/1977,0,0
WRE1,12/28/1977,0,0
WRE1,12/29/1977,0,0
WRE1,12/30/1977,0,0
WRE1,12/31/1977,0,0
WRE1,1/1/1978,0,0
WRE1,1/2/1978,0,0
WRE1,1/3/1978,0,0
WRE1,1/4/1978,0,0
WRE1,1/5/1978,0,0
WRE1,1/6/1978,0,0
WRE1,1/7/1978,0,0
WRE1,1/8/1978,0,0
WRE1,1/9/1978,0,0
WRE1,1/10/1978,0,0
WRE1,1/11/1978,0,0
WRE1,1/12/1978,0,0
WRE1,1/13/1978,0,0
WRE1,1/14/1978,0,0
WRE1,1/15/1978,0,0
WRE1,1/16/1978,0,0
WRE1,1/17/1978,0,0
WRE1,1/18/1978,0,0
WRE1,1/19/1978,0,0
WRE1,1/20/1978,0,0
WRE1,1/21/1978,0,0
WRE1,1/22/1978,0,0
WRE1,1/23/1978,0,0
WRE1,1/24/1978,0,0
WRE1,1/25/1978,0,0
WRE1,1/26/1978,0,0
WRE1,1/27/1978,0,0
WRE1,1/28/1978,0,0
WRE1,1/29/1978,0,0
WRE1,1/30/1978,0,0
WRE1,1/31/1978,0,0
WRE1,2/1/1978,0,0
WRE1,2/2/1978,0,0
WRE1,2/3/1978,0,0
WRE1,2/4/1978,0,0
WRE1,2/5/1978,0,0
WRE1,2/6/1978,0,0
WRE1,2/7/1978,0,0
WRE1,2/8/1978,0,0
WRE1,2/9/1978,0,0
WRE1,2/10/1978,0,0
WRE1,2/11/1978,0,0
WRE1,2/12/1978,0,0
WRE1,2/13/1978,0,0
WRE1,2/14/1978,0,0
WRE1,2/15/1978,0,0
WRE1,2/16/1978,0,0
WRE1,2/17/1978,0,0
WRE1,2/18/1978,0,0
WRE1,2/19/1978,0,0
WRE1,2/20/1978,0,0
WRE1,2/21/1978,0,0
WRE1,2/22/1978,0,0
WRE1,2/23/1978,0,0
WRE1,2/24/1978,0,0
WRE1,2/25/1978,0,0
WRE1,2/26/1978,0,0
WRE1,2/27/1978,0,0
WRE1,2/28/1978,0,0
WRE1,3/1/1978,0,0
WRE1,3/2/1978,0,0
WRE1,3/3/1978,0,0
WRE1,3/4/1978,0,0
WRE1,3/5/1978,0,0
WRE1,3/6/1978,0,0
WRE1,3/7/1978,0,0
WRE1,3/8/1978,0,0
WRE1,3/9/1978,0,0
WRE1,3/10/1978,0,0
WRE1,3/11/1978,0,0
WRE1,3/12/1978,0,0
WRE1,3/13/1978,0,0
WRE1,3/14/1978,0,0
WRE1,3/15/1978,0,0
WRE1,3/16/1978,0,0
WRE1,3/17/1978,0,0
WRE1,3/18/1978,0,0
WRE1,3/19/1978,0,0
WRE1,3/20/1978,0,0
WRE1,3/21/1978,0,0
WRE1,3/22/1978,0,0
WRE1,3/23/1978,0,0
WRE1,3/24/1978,0,0
WRE1,3/25/1978,0,0
WRE1,3/26/1978,0,0
WRE1,3/27/1978,0,0
WRE1,3/28/1978,0,0
WRE1,3/29/1978,0,0
WRE1,3/30/1978,0,0
WRE1,3/31/1978,0,0
WRE1,4/1/1978,0,0
WRE1,4/2/1978,0,0
WRE1,4/3/1978,0,0
WRE1,4/4/1978,0,0
WRE1,4/5/1978,0,0
WRE1,4/6/1978,0,0
WRE1,4/7/1978,0,0
WRE1,4/8/1978,0,0
WRE1,4/9/1978,0,0
WRE1,4/10/1978,0,0
WRE1,4/11/1978,0,0
WRE1,4/12/1978,0,0
WRE1,4/13/1978,0,0
WRE1,4/14/1978,0,0
WRE1,4/15/1978,0,0
WRE1,4/16/1978,0,0
WRE1,4/17/1978,0,0
WRE1,4/18/1978,0,0
WRE1,4/19/1978,0,0
WRE1,4/20/1978,0,0
WRE1,4/21/1978,0,0
WRE1,4/22/1978,0,0
WRE1,4/23/1978,0,0
WRE1,4/24/1978,0,0
WRE1,4/25/1978,0,0
WRE1,4/26/1978,0,0
WRE1,4/27/1978,0,0
WRE1,4/28/1978,0,0
WRE1,4/29/1978,0,0
WRE1,4/30/1978,0,0
WRE1,5/1/1978,0,0
WRE1,5/2/1978,0,0
WRE1,5/3/1978,0,0
WRE1,5/4/1978,0,0
WRE1,5/5/1978,0,0
WRE1,5/6/1978,0,0
WRE1,5/7/1978,0,0
WRE1,5/8/1978,0,0
WRE1,5/9/1978,0,0
WRE1,5/10/1978,0,0
WRE1,5/11/1978,0,0
WRE1,5/12/1978,0,0
WRE1,5/13/1978,0,0
WRE1,5/14/1978,0,0
WRE1,5/15/1978,0,0
WRE1,5/16/1978,0,0
WRE1,5/17/1978,0,0
WRE1,5/18/1978,0,0
WRE1,5/19/1978,0,0
WRE1,5/20/1978,0,0
WRE1,5/21/1978,0,0
WRE1,5/22/1978,0,0
WRE1,5/23/1978,0,0
WRE1,5/24/1978,0,0
WRE1,5/25/1978,0,0
WRE1,5/26/1978,0,0
WRE1,5/27/1978,0.54153,48.5861
WRE1,5/28/1978,0.38904,9.0276
WRE1,5/29/1978,0,0
WRE1,5/30/1978,0,0
WRE1,5/31/1978,0,0
WRE1,6/1/1978,0,0
WRE1,6/2/1978,0,0
WRE1,6/3/1978,0,0
WRE1,6/4/1978,0,0
WRE1,6/5/1978,0,0
WRE1,6/6/1978,0,0
WRE1,6/7/1978,0,0
WRE1,6/8/1978,0,0
WRE1,6/9/1978,0,0
WRE1,6/10/1978,0,0
WRE1,6/11/1978,0,0
WRE1,6/12/1978,0,0
WRE1,6/13/1978,0,0
WRE1,6/14/1978,0,0
WRE1,6/15/1978,0,0
WRE1,6/16/1978,0,0
WRE1,6/17/1978,0,0
WRE1,6/18/1978,0,0
WRE1,6/19/1978,0,0
WRE1,6/20/1978,0,0
WRE1,6/21/1978,0.0535,3.0642
WRE1,6/22/1978,0,0
WRE1,6/23/1978,0,0
WRE1,6/24/1978,0,0
WRE1,6/25/1978,0,0
WRE1,6/26/1978,0,0
WRE1,6/27/1978,0,0
WRE1,6/28/1978,0,0
WRE1,6/29/1978,0,0
WRE1,6/30/1978,0,0
WRE1,7/1/1978,0,0
WRE1,7/2/1978,0,0
WRE1,7/3/1978,0,0
WRE1,7/4/1978,0,0
WRE1,7/5/1978,0,0
WRE1,7/6/1978,0,0
WRE1,7/7/1978,0,0
WRE1,7/8/1978,0,0
WRE1,7/9/1978,0,0
WRE1,7/10/1978,0,0
WRE1,7/11/1978,0,0
WRE1,7/12/1978,0,0
WRE1,7/13/1978,0,0
WRE1,7/14/1978,0,0
WRE1,7/15/1978,0,0
WRE1,7/16/1978,0,0
WRE1,7/17/1978,0,0
WRE1,7/18/1978,0,0
WRE1,7/19/1978,0,0
WRE1,7/20/1978,0,0
WRE1,7/21/1978,0,0
WRE1,7/22/1978,0,0
WRE1,7/23/1978,0,0
WRE1,7/24/1978,0,0
WRE1,7/25/1978,0,0
WRE1,7/26/1978,0,0
WRE1,7/27/1978,0,0
WRE1,7/28/1978,0,0
WRE1,7/29/1978,0,0
WRE1,7/30/1978,0,0
WRE1,7/31/1978,0,0
WRE1,8/1/1978,0,0
WRE1,8/2/1978,0,0
WRE1,8/3/1978,0,0
WRE1,8/4/1978,0,0
WRE1,8/5/1978,0,0
WRE1,8/6/1978,0,0
WRE1,8/7/1978,0,0
WRE1,8/8/1978,0,0
WRE1,8/9/1978,0,0
WRE1,8/10/1978,0,0
WRE1,8/11/1978,0,0
WRE1,8/12/1978,0,0
WRE1,8/13/1978,0,0
WRE1,8/14/1978,0,0
WRE1,8/15/1978,0,0
WRE1,8/16/1978,0,0
WRE1,8/17/1978,0,0
WRE1,8/18/1978,0,0
WRE1,8/19/1978,0,0
WRE1,8/20/1978,0,0
WRE1,8/21/1978,0,0
WRE1,8/22/1978,0,0
WRE1,8/23/1978,0,0
WRE1,8/24/1978,0,0
WRE1,8/25/1978,0,0
WRE1,8/26/1978,0,0
WRE1,8/27/1978,0,0
WRE1,8/28/1978,0,0
WRE1,8/29/1978,0,0
WRE1,8/30/1978,0,0
WRE1,8/31/1978,0,0
WRE1,9/1/1978,0,0
WRE1,9/2/1978,0,0
WRE1,9/3/1978,0,0
WRE1,9/4/1978,0,0
WRE1,9/5/1978,0,0
WRE1,9/6/1978,0,0
WRE1,9/7/1978,0,0
WRE1,9/8/1978,0,0
WRE1,9/9/1978,0,0
WRE1,9/10/1978,0,0
WRE1,9/11/1978,0,0
WRE1,9/12/1978,0,0
WRE1,9/13/1978,0,0
WRE1,9/14/1978,0,0
WRE1,9/15/1978,0,0
WRE1,9/16/1978,0,0
WRE1,9/17/1978,0,0
WRE1,9/18/1978,0,0
WRE1,9/19/1978,0,0
WRE1,9/20/1978,0,0
WRE1,9/21/1978,0,0
WRE1,9/22/1978,0,0
WRE1,9/23/1978,0,0
WRE1,9/24/1978,0,0
WRE1,9/25/1978,0,0
WRE1,9/26/1978,0,0
WRE1,9/27/1978,0,0
WRE1,9/28/1978,0,0
WRE1,9/29/1978,0,0
WRE1,9/30/1978,0,0
WRE1,10/1/1978,0,0
WRE1,10/2/1978,0,0
WRE1,10/3/1978,0,0
WRE1,10/4/1978,0,0
WRE1,10/5/1978,0,0
WRE1,10/6/1978,0,0
WRE1,10/7/1978,0,0
WRE1,10/8/1978,0,0
WRE1,10/9/1978,0,0
WRE1,10/10/1978,0,0
WRE1,10/11/1978,0,0
WRE1,10/12/1978,0,0
WRE1,10/13/1978,0,0
WRE1,10/14/1978,0,0
WRE1,10/15/1978,0,0
WRE1,10/16/1978,0,0
WRE1,10/17/1978,0,0
WRE1,10/18/1978,0,0
WRE1,10/19/1978,0,0
WRE1,10/20/1978,0,0
WRE1,10/21/1978,0,0
WRE1,10/22/1978,0,0
WRE1,10/23/1978,0,0
WRE1,10/24/1978,0,0
WRE1,10/25/1978,0,0
WRE1,10/26/1978,0,0
WRE1,10/27/1978,0,0
WRE1,10/28/1978,0,0
WRE1,10/29/1978,0,0
WRE1,10/30/1978,0,0
WRE1,10/31/1978,0,0
WRE1,11/1/1978,0,0
WRE1,11/2/1978,0,0
WRE1,11/3/1978,0,0
WRE1,11/4/1978,0,0
WRE1,11/5/1978,0,0
WRE1,11/6/1978,0,0
WRE1,11/7/1978,0,0
WRE1,11/8/1978,0,0
WRE1,11/9/1978,0,0
WRE1,11/10/1978,0,0
WRE1,11/11/1978,0,0
WRE1,11/12/1978,0,0
WRE1,11/13/1978,0,0
WRE1,11/14/1978,0,0
WRE1,11/15/1978,0,0
WRE1,11/16/1978,0,0
WRE1,11/17/1978,0,0
WRE1,11/18/1978,0,0
WRE1,11/19/1978,0,0
WRE1,11/20/1978,0,0
WRE1,11/21/1978,0,0
WRE1,11/22/1978,0,0
WRE1,11/23/1978,0,0
WRE1,11/24/1978,0,0
WRE1,11/25/1978,0,0
WRE1,11/26/1978,0,0
WRE1,11/27/1978,0,0
WRE1,11/28/1978,0,0
WRE1,11/29/1978,0,0
WRE1,11/30/1978,0,0
WRE1,12/1/1978,0,0
WRE1,12/2/1978,0,0
WRE1,12/3/1978,0,0
WRE1,12/4/1978,0,0
WRE1,12/5/1978,0,0
WRE1,12/6/1978,0,0
WRE1,12/7/1978,0,0
WRE1,12/8/1978,0,0
WRE1,12/9/1978,0,0
WRE1,12/10/1978,0,0
WRE1,12/11/1978,0,0
WRE1,12/12/1978,0,0
WRE1,12/13/1978,0,0
WRE1,12/14/1978,0,0
WRE1,12/15/1978,0,0
WRE1,12/16/1978,0,0
WRE1,12/17/1978,0,0
WRE1,12/18/1978,0,0
WRE1,12/19/1978,0,0
WRE1,12/20/1978,0,0
WRE1,12/21/1978,0,0
WRE1,12/22/1978,0,0
WRE1,12/23/1978,0,0
WRE1,12/24/1978,0,0
WRE1,12/25/1978,0,0
WRE1,12/26/1978,0,0
WRE1,12/27/1978,0,0
WRE1,12/28/1978,0,0
WRE1,12/29/1978,0,0
WRE1,12/30/1978,0,0
WRE1,12/31/1978,0,0
WRE1,1/1/1979,0,0
WRE1,1/2/1979,0,0
WRE1,1/3/1979,0,0
WRE1,1/4/1979,0,0
WRE1,1/5/1979,0,0
WRE1,1/6/1979,0,0
WRE1,1/7/1979,0,0
WRE1,1/8/1979,0,0
WRE1,1/9/1979,0,0
WRE1,1/10/1979,0,0
WRE1,1/11/1979,0,0
WRE1,1/12/1979,0,0
WRE1,1/13/1979,0,0
WRE1,1/14/1979,0,0
WRE1,1/15/1979,0,0
WRE1,1/16/1979,0,0
WRE1,1/17/1979,0,0
WRE1,1/18/1979,0,0
WRE1,1/19/1979,0,0
WRE1,1/20/1979,0,0
WRE1,1/21/1979,0,0
WRE1,1/22/1979,0,0
WRE1,1/23/1979,0,0
WRE1,1/24/1979,0,0
WRE1,1/25/1979,0,0
WRE1,1/26/1979,0,0
WRE1,1/27/1979,0,0
WRE1,1/28/1979,0,0
WRE1,1/29/1979,0,0
WRE1,1/30/1979,0,0
WRE1,1/31/1979,0,0
WRE1,2/1/1979,0,0
WRE1,2/2/1979,0,0
WRE1,2/3/1979,0,0
WRE1,2/4/1979,0,0
WRE1,2/5/1979,0,0
WRE1,2/6/1979,0,0
WRE1,2/7/1979,0,0
WRE1,2/8/1979,0,0
WRE1,2/9/1979,0,0
WRE1,2/10/1979,0,0
WRE1,2/11/1979,0,0
WRE1,2/12/1979,0,0
WRE1,2/13/1979,0,0
WRE1,2/14/1979,0,0
WRE1,2/15/1979,0,0
WRE1,2/16/1979,0,0
WRE1,2/17/1979,0,0
WRE1,2/18/1979,0,0
WRE1,2/19/1979,0,0
WRE1,2/20/1979,0,0
WRE1,2/21/1979,0,0
WRE1,2/22/1979,0,0
WRE1,2/23/1979,0,0
WRE1,2/24/1979,0,0
WRE1,2/25/1979,0,0
WRE1,2/26/1979,0,0
WRE1,2/27/1979,0,0
WRE1,2/28/1979,0,0
WRE1,3/1/1979,0,0
WRE1,3/2/1979,0,0
WRE1,3/3/1979,0,0
WRE1,3/4/1979,0,0
WRE1,3/5/1979,0,0
WRE1,3/6/1979,0,0
WRE1,3/7/1979,0,0
WRE1,3/8/1979,0,0
WRE1,3/9/1979,0,0
WRE1,3/10/1979,0,0
WRE1,3/11/1979,0,0
WRE1,3/12/1979,0,0
WRE1,3/13/1979,0,0
WRE1,3/14/1979,0,0
WRE1,3/15/1979,0,0
WRE1,3/16/1979,0,0
WRE1,3/17/1979,0,0
WRE1,3/18/1979,0,0
WRE1,3/19/1979,0,0
WRE1,3/20/1979,0,0
WRE1,3/21/1979,0,0
WRE1,3/22/1979,0.23026,65.519
WRE1,3/23/1979,0,0
WRE1,3/24/1979,0,0
WRE1,3/25/1979,0,0
WRE1,3/26/1979,0,0
WRE1,3/27/1979,0,0
WRE1,3/28/1979,0,0
WRE1,3/29/1979,0,0
WRE1,3/30/1979,0,0
WRE1,3/31/1979,0,0
WRE1,4/1/1979,0,0
WRE1,4/2/1979,0,0
WRE1,4/3/1979,0,0
WRE1,4/4/1979,0,0
WRE1,4/5/1979,0,0
WRE1,4/6/1979,0,0
WRE1,4/7/1979,0,0
WRE1,4/8/1979,0,0
WRE1,4/9/1979,0,0
WRE1,4/10/1979,0.85204,30.2032
WRE1,4/11/1979,0.03097,1.3814
WRE1,4/12/1979,0,0
WRE1,4/13/1979,0,0
WRE1,4/14/1979,0,0
WRE1,4/15/1979,0,0
WRE1,4/16/1979,0,0
WRE1,4/17/1979,0,0
WRE1,4/18/1979,0,0
WRE1,4/19/1979,0,0
WRE1,4/20/1979,0,0
WRE1,4/21/1979,0,0
WRE1,4/22/1979,0,0
WRE1,4/23/1979,0,0
WRE1,4/24/1979,0,0
WRE1,4/25/1979,0,0
WRE1,4/26/1979,0,0
WRE1,4/27/1979,0,0
WRE1,4/28/1979,0,0
WRE1,4/29/1979,0,0
WRE1,4/30/1979,0,0
WRE1,5/1/1979,0,0
WRE1,5/2/1979,0,0
WRE1,5/3/1979,0.08646,3.0751
WRE1,5/4/1979,0.03278,0.8944
WRE1,5/5/1979,0,0
WRE1,5/6/1979,0,0
WRE1,5/7/1979,0,0
WRE1,5/8/1979,0,0
WRE1,5/9/1979,0,0
WRE1,5/10/1979,0,0
WRE1,5/11/1979,0,0
WRE1,5/12/1979,0,0
WRE1,5/13/1979,0,0
WRE1,5/14/1979,0,0
WRE1,5/15/1979,0,0
WRE1,5/16/1979,0,0
WRE1,5/17/1979,0,0
WRE1,5/18/1979,0,0
WRE1,5/19/1979,0,0
WRE1,5/20/1979,0.00468,0.1168
WRE1,5/21/1979,0.39833,15.0512
WRE1,5/22/1979,0.00259,0.0631
WRE1,5/23/1979,0,0
WRE1,5/24/1979,0,0
WRE1,5/25/1979,0,0
WRE1,5/26/1979,0,0
WRE1,5/27/1979,0,0
WRE1,5/28/1979,0,0
WRE1,5/29/1979,0,0
WRE1,5/30/1979,0,0
WRE1,5/31/1979,0,0
WRE1,6/1/1979,0,0
WRE1,6/2/1979,0,0
WRE1,6/3/1979,0,0
WRE1,6/4/1979,0,0
WRE1,6/5/1979,0,0
WRE1,6/6/1979,0,0
WRE1,6/7/1979,0,0
WRE1,6/8/1979,0,0
WRE1,6/9/1979,0,0
WRE1,6/10/1979,0,0
WRE1,6/11/1979,0,0
WRE1,6/12/1979,0,0
WRE1,6/13/1979,0,0
WRE1,6/14/1979,0,0
WRE1,6/15/1979,0,0
WRE1,6/16/1979,0,0
WRE1,6/17/1979,0,0
WRE1,6/18/1979,0,0
WRE1,6/19/1979,0,0
WRE1,6/20/1979,0,0
WRE1,6/21/1979,0,0
WRE1,6/22/1979,0,0
WRE1,6/23/1979,0,0
WRE1,6/24/1979,0.00213,0.0519
WRE1,6/25/1979,0,0
WRE1,6/26/1979,0,0
WRE1,6/27/1979,0,0
WRE1,6/28/1979,0,0
WRE1,6/29/1979,0,0
WRE1,6/30/1979,0,0
WRE1,7/1/1979,0,0
WRE1,7/2/1979,0,0
WRE1,7/3/1979,0,0
WRE1,7/4/1979,0,0
WRE1,7/5/1979,0,0
WRE1,7/6/1979,0,0
WRE1,7/7/1979,0,0
WRE1,7/8/1979,0,0
WRE1,7/9/1979,0,0
WRE1,7/10/1979,0,0
WRE1,7/11/1979,0,0
WRE1,7/12/1979,0,0
WRE1,7/13/1979,0,0
WRE1,7/14/1979,0,0
WRE1,7/15/1979,0,0
WRE1,7/16/1979,0,0
WRE1,7/17/1979,0,0
WRE1,7/18/1979,0.00444,0.0905
WRE1,7/19/1979,0,0
WRE1,7/20/1979,0,0
WRE1,7/21/1979,0,0
WRE1,7/22/1979,0,0
WRE1,7/23/1979,0,0
WRE1,7/24/1979,0,0
WRE1,7/25/1979,0,0
WRE1,7/26/1979,0,0
WRE1,7/27/1979,0,0
WRE1,7/28/1979,0,0
WRE1,7/29/1979,0,0
WRE1,7/30/1979,0,0
WRE1,7/31/1979,0,0
WRE1,8/1/1979,0,0
WRE1,8/2/1979,0,0
WRE1,8/3/1979,0,0
WRE1,8/4/1979,0,0
WRE1,8/5/1979,0,0
WRE1,8/6/1979,0,0
WRE1,8/7/1979,0,0
WRE1,8/8/1979,0,0
WRE1,8/9/1979,0,0
WRE1,8/10/1979,0,0
WRE1,8/11/1979,0,0
WRE1,8/12/1979,0,0
WRE1,8/13/1979,0,0
WRE1,8/14/1979,0,0
WRE1,8/15/1979,0,0
WRE1,8/16/1979,0,0
WRE1,8/17/1979,0,0
WRE1,8/18/1979,0,0
WRE1,8/19/1979,0,0
WRE1,8/20/1979,0,0
WRE1,8/21/1979,0,0
WRE1,8/22/1979,0,0
WRE1,8/23/1979,0,0
WRE1,8/24/1979,0,0
WRE1,8/25/1979,0,0
WRE1,8/26/1979,0,0
WRE1,8/27/1979,0,0
WRE1,8/28/1979,0,0
WRE1,8/29/1979,0,0
WRE1,8/30/1979,0,0
WRE1,8/31/1979,0,0
WRE1,9/1/1979,0,0
WRE1,9/2/1979,0,0
WRE1,9/3/1979,0,0
WRE1,9/4/1979,0,0
WRE1,9/5/1979,0,0
WRE1,9/6/1979,0,0
WRE1,9/7/1979,0,0
WRE1,9/8/1979,0,0
WRE1,9/9/1979,0,0
WRE1,9/10/1979,0,0
WRE1,9/11/1979,0,0
WRE1,9/12/1979,0,0
WRE1,9/13/1979,0,0
WRE1,9/14/1979,0,0
WRE1,9/15/1979,0,0
WRE1,9/16/1979,0,0
WRE1,9/17/1979,0,0
WRE1,9/18/1979,0,0
WRE1,9/19/1979,0,0
WRE1,9/20/1979,0,0
WRE1,9/21/1979,0,0
WRE1,9/22/1979,0,0
WRE1,9/23/1979,0,0
WRE1,9/24/1979,0,0
WRE1,9/25/1979,0,0
WRE1,9/26/1979,0,0
WRE1,9/27/1979,0,0
WRE1,9/28/1979,0,0
WRE1,9/29/1979,0,0
WRE1,9/30/1979,0,0
WRE1,10/1/1979,0,0
WRE1,10/2/1979,0,0
WRE1,10/3/1979,0,0
WRE1,10/4/1979,0,0
WRE1,10/5/1979,0,0
WRE1,10/6/1979,0,0
WRE1,10/7/1979,0,0
WRE1,10/8/1979,0,0
WRE1,10/9/1979,0,0
WRE1,10/10/1979,0,0
WRE1,10/11/1979,0,0
WRE1,10/12/1979,0,0
WRE1,10/13/1979,0,0
WRE1,10/14/1979,0,0
WRE1,10/15/1979,0,0
WRE1,10/16/1979,0,0
WRE1,10/17/1979,0,0
WRE1,10/18/1979,0,0
WRE1,10/19/1979,0,0
WRE1,10/20/1979,0,0
WRE1,10/21/1979,0,0
WRE1,10/22/1979,0,0
WRE1,10/23/1979,0,0
WRE1,10/24/1979,0,0
WRE1,10/25/1979,0,0
WRE1,10/26/1979,0,0
WRE1,10/27/1979,0,0
WRE1,10/28/1979,0,0
WRE1,10/29/1979,0,0
WRE1,10/30/1979,0,0
WRE1,10/31/1979,0,0
WRE1,11/1/1979,0,0
WRE1,11/2/1979,0,0
WRE1,11/3/1979,0,0
WRE1,11/4/1979,0,0
WRE1,11/5/1979,0,0
WRE1,11/6/1979,0,0
WRE1,11/7/1979,0,0
WRE1,11/8/1979,0,0
WRE1,11/9/1979,0,0
WRE1,11/10/1979,0,0
WRE1,11/11/1979,0,0
WRE1,11/12/1979,0,0
WRE1,11/13/1979,0,0
WRE1,11/14/1979,0,0
WRE1,11/15/1979,0,0
WRE1,11/16/1979,0,0
WRE1,11/17/1979,0,0
WRE1,11/18/1979,0,0
WRE1,11/19/1979,0,0
WRE1,11/20/1979,0,0
WRE1,11/21/1979,0,0
WRE1,11/22/1979,0,0
WRE1,11/23/1979,0,0
WRE1,11/24/1979,0,0
WRE1,11/25/1979,0,0
WRE1,11/26/1979,0,0
WRE1,11/27/1979,0,0
WRE1,11/28/1979,0,0
WRE1,11/29/1979,0,0
WRE1,11/30/1979,0,0
WRE1,12/1/1979,0,0
WRE1,12/2/1979,0,0
WRE1,12/3/1979,0,0
WRE1,12/4/1979,0,0
WRE1,12/5/1979,0,0
WRE1,12/6/1979,0,0
WRE1,12/7/1979,0,0
WRE1,12/8/1979,0,0
WRE1,12/9/1979,0,0
WRE1,12/10/1979,0,0
WRE1,12/11/1979,0,0
WRE1,12/12/1979,0,0
WRE1,12/13/1979,0,0
WRE1,12/14/1979,0,0
WRE1,12/15/1979,0,0
WRE1,12/16/1979,0,0
WRE1,12/17/1979,0,0
WRE1,12/18/1979,0,0
WRE1,12/19/1979,0,0
WRE1,12/20/1979,0,0
WRE1,12/21/1979,0,0
WRE1,12/22/1979,0,0
WRE1,12/23/1979,0,0
WRE1,12/24/1979,0,0
WRE1,12/25/1979,0,0
WRE1,12/26/1979,0,0
WRE1,12/27/1979,0,0
WRE1,12/28/1979,0,0
WRE1,12/29/1979,0,0
WRE1,12/30/1979,0,0
WRE1,12/31/1979,0,0
WRE1,1/1/1980,0,0
WRE1,1/2/1980,0,0
WRE1,1/3/1980,0,0
WRE1,1/4/1980,0,0
WRE1,1/5/1980,0,0
WRE1,1/6/1980,0,0
WRE1,1/7/1980,0,0
WRE1,1/8/1980,0,0
WRE1,1/9/1980,0,0
WRE1,1/10/1980,0,0
WRE1,1/11/1980,0,0
WRE1,1/12/1980,0,0
WRE1,1/13/1980,0,0
WRE1,1/14/1980,0,0
WRE1,1/15/1980,0,0
WRE1,1/16/1980,0,0
WRE1,1/17/1980,0,0
WRE1,1/18/1980,0,0
WRE1,1/19/1980,0,0
WRE1,1/20/1980,0,0
WRE1,1/21/1980,0,0
WRE1,1/22/1980,0,0
WRE1,1/23/1980,0,0
WRE1,1/24/1980,0,0
WRE1,1/25/1980,0,0
WRE1,1/26/1980,0,0
WRE1,1/27/1980,0,0
WRE1,1/28/1980,0,0
WRE1,1/29/1980,0,0
WRE1,1/30/1980,0,0
WRE1,1/31/1980,0,0
WRE1,2/1/1980,0,0
WRE1,2/2/1980,0,0
WRE1,2/3/1980,0,0
WRE1,2/4/1980,0,0
WRE1,2/5/1980,0,0
WRE1,2/6/1980,0,0
WRE1,2/7/1980,0,0
WRE1,2/8/1980,0,0
WRE1,2/9/1980,0,0
WRE1,2/10/1980,0,0
WRE1,2/11/1980,0,0
WRE1,2/12/1980,0,0
WRE1,2/13/1980,0,0
WRE1,2/14/1980,0,0
WRE1,2/15/1980,0,0
WRE1,2/16/1980,0,0
WRE1,2/17/1980,0,0
WRE1,2/18/1980,0,0
WRE1,2/19/1980,0,0
WRE1,2/20/1980,0,0
WRE1,2/21/1980,0,0
WRE1,2/22/1980,0,0
WRE1,2/23/1980,0,0
WRE1,2/24/1980,0,0
WRE1,2/25/1980,0,0
WRE1,2/26/1980,0,0
WRE1,2/27/1980,0,0
WRE1,2/28/1980,0,0
WRE1,2/29/1980,0,0
WRE1,3/1/1980,0,0
WRE1,3/2/1980,0,0
WRE1,3/3/1980,0,0
WRE1,3/4/1980,0,0
WRE1,3/5/1980,0,0
WRE1,3/6/1980,0,0
WRE1,3/7/1980,0,0
WRE1,3/8/1980,0,0
WRE1,3/9/1980,0,0
WRE1,3/10/1980,0,0
WRE1,3/11/1980,0,0
WRE1,3/12/1980,0,0
WRE1,3/13/1980,0,0
WRE1,3/14/1980,0,0
WRE1,3/15/1980,0,0
WRE1,3/16/1980,0,0
WRE1,3/17/1980,0,0
WRE1,3/18/1980,0,0
WRE1,3/19/1980,0,0
WRE1,3/20/1980,0,0
WRE1,3/21/1980,0,0
WRE1,3/22/1980,0,0
WRE1,3/23/1980,0,0
WRE1,3/24/1980,0,0
WRE1,3/25/1980,0,0
WRE1,3/26/1980,0,0
WRE1,3/27/1980,0,0
WRE1,3/28/1980,0,0
WRE1,3/29/1980,0,0
WRE1,3/30/1980,0,0
WRE1,3/31/1980,0,0
WRE1,4/1/1980,0,0
WRE1,4/2/1980,0,0
WRE1,4/3/1980,0,0
WRE1,4/4/1980,0,0
WRE1,4/5/1980,0,0
WRE1,4/6/1980,0,0
WRE1,4/7/1980,0,0
WRE1,4/8/1980,0,0
WRE1,4/9/1980,0,0
WRE1,4/10/1980,0,0
WRE1,4/11/1980,0,0
WRE1,4/12/1980,0,0
WRE1,4/13/1980,0,0
WRE1,4/14/1980,0,0
WRE1,4/15/1980,0,0
WRE1,4/16/1980,0,0
WRE1,4/17/1980,0,0
WRE1,4/18/1980,0,0
WRE1,4/19/1980,0,0
WRE1,4/20/1980,0,0
WRE1,4/21/1980,0,0
WRE1,4/22/1980,0,0
WRE1,4/23/1980,0,0
WRE1,4/24/1980,0,0
WRE1,4/25/1980,0.0053,0.0485
WRE1,4/26/1980,0,0
WRE1,4/27/1980,0,0
WRE1,4/28/1980,0,0
WRE1,4/29/1980,0,0
WRE1,4/30/1980,0.00255,0.011
WRE1,5/1/1980,0,0
WRE1,5/2/1980,0.47475,10.5696
WRE1,5/3/1980,0.00206,0.0019
WRE1,5/4/1980,0,0
WRE1,5/5/1980,0,0
WRE1,5/6/1980,0,0
WRE1,5/7/1980,0,0
WRE1,5/8/1980,0,0
WRE1,5/9/1980,0,0
WRE1,5/10/1980,0,0
WRE1,5/11/1980,0,0
WRE1,5/12/1980,0,0
WRE1,5/13/1980,0,0
WRE1,5/14/1980,0,0
WRE1,5/15/1980,0.93153,3.6469
WRE1,5/16/1980,0.0192,0.0335
WRE1,5/17/1980,0.09706,3.5384
WRE1,5/18/1980,0.85134,26.0914
WRE1,5/19/1980,0,0
WRE1,5/20/1980,0.00406,0.0864
WRE1,5/21/1980,0.06414,0.3094
WRE1,5/22/1980,0,0
WRE1,5/23/1980,0,0
WRE1,5/24/1980,0,0
WRE1,5/25/1980,0,0
WRE1,5/26/1980,0,0
WRE1,5/27/1980,0,0
WRE1,5/28/1980,0,0
WRE1,5/29/1980,0.1014,1.9425
WRE1,5/30/1980,0.00865,0.0144
WRE1,5/31/1980,0,0
WRE1,6/1/1980,0,0
WRE1,6/2/1980,0,0
WRE1,6/3/1980,0,0
WRE1,6/4/1980,0,0
WRE1,6/5/1980,0,0
WRE1,6/6/1980,0,0
WRE1,6/7/1980,0,0
WRE1,6/8/1980,0,0
WRE1,6/9/1980,0,0
WRE1,6/10/1980,0,0
WRE1,6/11/1980,0,0
WRE1,6/12/1980,0,0
WRE1,6/13/1980,0,0
WRE1,6/14/1980,0,0
WRE1,6/15/1980,0,0
WRE1,6/16/1980,0,0
WRE1,6/17/1980,0,0
WRE1,6/18/1980,0,0
WRE1,6/19/1980,0,0
WRE1,6/20/1980,0.00347,0.0429
WRE1,6/21/1980,0,0
WRE1,6/22/1980,0,0
WRE1,6/23/1980,0,0
WRE1,6/24/1980,0,0
WRE1,6/25/1980,0,0
WRE1,6/26/1980,0,0
WRE1,6/27/1980,0,0
WRE1,6/28/1980,0,0
WRE1,6/29/1980,0,0
WRE1,6/30/1980,0,0
WRE1,7/1/1980,0,0
WRE1,7/2/1980,0,0
WRE1,7/3/1980,0,0
WRE1,7/4/1980,0,0
WRE1,7/5/1980,0,0
WRE1,7/6/1980,0,0
WRE1,7/7/1980,0,0
WRE1,7/8/1980,0,0
WRE1,7/9/1980,0,0
WRE1,7/10/1980,0,0
WRE1,7/11/1980,0,0
WRE1,7/12/1980,0,0
WRE1,7/13/1980,0,0
WRE1,7/14/1980,0,0
WRE1,7/15/1980,0,0
WRE1,7/16/1980,0,0
WRE1,7/17/1980,0,0
WRE1,7/18/1980,0,0
WRE1,7/19/1980,0,0
WRE1,7/20/1980,0,0
WRE1,7/21/1980,0,0
WRE1,7/22/1980,0,0
WRE1,7/23/1980,0,0
WRE1,7/24/1980,0,0
WRE1,7/25/1980,0,0
WRE1,7/26/1980,0,0
WRE1,7/27/1980,0,0
WRE1,7/28/1980,0,0
WRE1,7/29/1980,0,0
WRE1,7/30/1980,0,0
WRE1,7/31/1980,0,0
WRE1,8/1/1980,0,0
WRE1,8/2/1980,0,0
WRE1,8/3/1980,0,0
WRE1,8/4/1980,0,0
WRE1,8/5/1980,0,0
WRE1,8/6/1980,0,0
WRE1,8/7/1980,0,0
WRE1,8/8/1980,0,0
WRE1,8/9/1980,0,0
WRE1,8/10/1980,0,0
WRE1,8/11/1980,0,0
WRE1,8/12/1980,0,0
WRE1,8/13/1980,0,0
WRE1,8/14/1980,0,0
WRE1,8/15/1980,0,0
WRE1,8/16/1980,0,0
WRE1,8/17/1980,0,0
WRE1,8/18/1980,0,0
WRE1,8/19/1980,0,0
WRE1,8/20/1980,0,0
WRE1,8/21/1980,0,0
WRE1,8/22/1980,0,0
WRE1,8/23/1980,0,0
WRE1,8/24/1980,0,0
WRE1,8/25/1980,0,0
WRE1,8/26/1980,0,0
WRE1,8/27/1980,0,0
WRE1,8/28/1980,0,0
WRE1,8/29/1980,0,0
WRE1,8/30/1980,0,0
WRE1,8/31/1980,0,0
WRE1,9/1/1980,0,0
WRE1,9/2/1980,0,0
WRE1,9/3/1980,0,0
WRE1,9/4/1980,0,0
WRE1,9/5/1980,0,0
WRE1,9/6/1980,0,0
WRE1,9/7/1980,0,0
WRE1,9/8/1980,0,0
WRE1,9/9/1980,0,0
WRE1,9/10/1980,0,0
WRE1,9/11/1980,0,0
WRE1,9/12/1980,0,0
WRE1,9/13/1980,0,0
WRE1,9/14/1980,0,0
WRE1,9/15/1980,0,0
WRE1,9/16/1980,0,0
WRE1,9/17/1980,0,0
WRE1,9/18/1980,0,0
WRE1,9/19/1980,0,0
WRE1,9/20/1980,0,0
WRE1,9/21/1980,0,0
WRE1,9/22/1980,0,0
WRE1,9/23/1980,0,0
WRE1,9/24/1980,0,0
WRE1,9/25/1980,0,0
WRE1,9/26/1980,0,0
WRE1,9/27/1980,0,0
WRE1,9/28/1980,0,0
WRE1,9/29/1980,0,0
WRE1,9/30/1980,0,0
WRE1,10/1/1980,0,0
WRE1,10/2/1980,0,0
WRE1,10/3/1980,0,0
WRE1,10/4/1980,0,0
WRE1,10/5/1980,0,0
WRE1,10/6/1980,0,0
WRE1,10/7/1980,0,0
WRE1,10/8/1980,0,0
WRE1,10/9/1980,0,0
WRE1,10/10/1980,0,0
WRE1,10/11/1980,0,0
WRE1,10/12/1980,0,0
WRE1,10/13/1980,0,0
WRE1,10/14/1980,0,0
WRE1,10/15/1980,0,0
WRE1,10/16/1980,0,0
WRE1,10/17/1980,0,0
WRE1,10/18/1980,0,0
WRE1,10/19/1980,0,0
WRE1,10/20/1980,0,0
WRE1,10/21/1980,0,0
WRE1,10/22/1980,0,0
WRE1,10/23/1980,0,0
WRE1,10/24/1980,0,0
WRE1,10/25/1980,0,0
WRE1,10/26/1980,0,0
WRE1,10/27/1980,0,0
WRE1,10/28/1980,0,0
WRE1,10/29/1980,0,0
WRE1,10/30/1980,0,0
WRE1,10/31/1980,0,0
WRE1,11/1/1980,0,0
WRE1,11/2/1980,0,0
WRE1,11/3/1980,0,0
WRE1,11/4/1980,0,0
WRE1,11/5/1980,0,0
WRE1,11/6/1980,0,0
WRE1,11/7/1980,0,0
WRE1,11/8/1980,0,0
WRE1,11/9/1980,0,0
WRE1,11/10/1980,0,0
WRE1,11/11/1980,0,0
WRE1,11/12/1980,0,0
WRE1,11/13/1980,0,0
WRE1,11/14/1980,0,0
WRE1,11/15/1980,0,0
WRE1,11/16/1980,0,0
WRE1,11/17/1980,0,0
WRE1,11/18/1980,0,0
WRE1,11/19/1980,0,0
WRE1,11/20/1980,0,0
WRE1,11/21/1980,0,0
WRE1,11/22/1980,0,0
WRE1,11/23/1980,0,0
WRE1,11/24/1980,0,0
WRE1,11/25/1980,0,0
WRE1,11/26/1980,0,0
WRE1,11/27/1980,0,0
WRE1,11/28/1980,0,0
WRE1,11/29/1980,0,0
WRE1,11/30/1980,0,0
WRE1,12/1/1980,0,0
WRE1,12/2/1980,0,0
WRE1,12/3/1980,0,0
WRE1,12/4/1980,0,0
WRE1,12/5/1980,0,0
WRE1,12/6/1980,0,0
WRE1,12/7/1980,0,0
WRE1,12/8/1980,0,0
WRE1,12/9/1980,0,0
WRE1,12/10/1980,0,0
WRE1,12/11/1980,0,0
WRE1,12/12/1980,0,0
WRE1,12/13/1980,0,0
WRE1,12/14/1980,0,0
WRE1,12/15/1980,0,0
WRE1,12/16/1980,0,0
WRE1,12/17/1980,0,0
WRE1,12/18/1980,0,0
WRE1,12/19/1980,0,0
WRE1,12/20/1980,0,0
WRE1,12/21/1980,0,0
WRE1,12/22/1980,0,0
WRE1,12/23/1980,0,0
WRE1,12/24/1980,0,0
WRE1,12/25/1980,0,0
WRE1,12/26/1980,0,0
WRE1,12/27/1980,0,0
WRE1,12/28/1980,0,0
WRE1,12/29/1980,0,0
WRE1,12/30/1980,0,0
WRE1,12/31/1980,0,0
WRE1,1/1/1981,0,0
WRE1,1/2/1981,0,0
WRE1,1/3/1981,0,0
WRE1,1/4/1981,0,0
WRE1,1/5/1981,0,0
WRE1,1/6/1981,0,0
WRE1,1/7/1981,0,0
WRE1,1/8/1981,0,0
WRE1,1/9/1981,0,0
WRE1,1/10/1981,0,0
WRE1,1/11/1981,0,0
WRE1,1/12/1981,0,0
WRE1,1/13/1981,0,0
WRE1,1/14/1981,0,0
WRE1,1/15/1981,0,0
WRE1,1/16/1981,0,0
WRE1,1/17/1981,0,0
WRE1,1/18/1981,0,0
WRE1,1/19/1981,0,0
WRE1,1/20/1981,0,0
WRE1,1/21/1981,0,0
WRE1,1/22/1981,0,0
WRE1,1/23/1981,0,0
WRE1,1/24/1981,0,0
WRE1,1/25/1981,0,0
WRE1,1/26/1981,0,0
WRE1,1/27/1981,0,0
WRE1,1/28/1981,0,0
WRE1,1/29/1981,0,0
WRE1,1/30/1981,0,0
WRE1,1/31/1981,0,0
WRE1,2/1/1981,0,0
WRE1,2/2/1981,0,0
WRE1,2/3/1981,0,0
WRE1,2/4/1981,0,0
WRE1,2/5/1981,0,0
WRE1,2/6/1981,0,0
WRE1,2/7/1981,0,0
WRE1,2/8/1981,0,0
WRE1,2/9/1981,0,0
WRE1,2/10/1981,0,0
WRE1,2/11/1981,0,0
WRE1,2/12/1981,0,0
WRE1,2/13/1981,0,0
WRE1,2/14/1981,0,0
WRE1,2/15/1981,0,0
WRE1,2/16/1981,0,0
WRE1,2/17/1981,0,0
WRE1,2/18/1981,0,0
WRE1,2/19/1981,0,0
WRE1,2/20/1981,0,0
WRE1,2/21/1981,0,0
WRE1,2/22/1981,0,0
WRE1,2/23/1981,0,0
WRE1,2/24/1981,0,0
WRE1,2/25/1981,0,0
WRE1,2/26/1981,0,0
WRE1,2/27/1981,0,0
WRE1,2/28/1981,0,0
WRE1,3/1/1981,0,0
WRE1,3/2/1981,0,0
WRE1,3/3/1981,0,0
WRE1,3/4/1981,0,0
WRE1,3/5/1981,0,0
WRE1,3/6/1981,0,0
WRE1,3/7/1981,0,0
WRE1,3/8/1981,0,0
WRE1,3/9/1981,0,0
WRE1,3/10/1981,0,0
WRE1,3/11/1981,0,0
WRE1,3/12/1981,0,0
WRE1,3/13/1981,0,0
WRE1,3/14/1981,0,0
WRE1,3/15/1981,0,0
WRE1,3/16/1981,0,0
WRE1,3/17/1981,0,0
WRE1,3/18/1981,0,0
WRE1,3/19/1981,0,0
WRE1,3/20/1981,0,0
WRE1,3/21/1981,0,0
WRE1,3/22/1981,0,0
WRE1,3/23/1981,0,0
WRE1,3/24/1981,0,0
WRE1,3/25/1981,0,0
WRE1,3/26/1981,0,0
WRE1,3/27/1981,0,0
WRE1,3/28/1981,0,0
WRE1,3/29/1981,0,0
WRE1,3/30/1981,0,0
WRE1,3/31/1981,0,0
WRE1,4/1/1981,0,0
WRE1,4/2/1981,0,0
WRE1,4/3/1981,0,0
WRE1,4/4/1981,0,0
WRE1,4/5/1981,0,0
WRE1,4/6/1981,0,0
WRE1,4/7/1981,0,0
WRE1,4/8/1981,0,0
WRE1,4/9/1981,0,0
WRE1,4/10/1981,0,0
WRE1,4/11/1981,0,0
WRE1,4/12/1981,0,0
WRE1,4/13/1981,0,0
WRE1,4/14/1981,0,0
WRE1,4/15/1981,0,0
WRE1,4/16/1981,0,0
WRE1,4/17/1981,0,0
WRE1,4/18/1981,0,0
WRE1,4/19/1981,0,0
WRE1,4/20/1981,0,0
WRE1,4/21/1981,0,0
WRE1,4/22/1981,0,0
WRE1,4/23/1981,0,0
WRE1,4/24/1981,0,0
WRE1,4/25/1981,0,0
WRE1,4/26/1981,0,0
WRE1,4/27/1981,0,0
WRE1,4/28/1981,0,0
WRE1,4/29/1981,0,0
WRE1,4/30/1981,0.00059,0.0027
WRE1,5/1/1981,0.00043,0.002
WRE1,5/2/1981,0,0
WRE1,5/3/1981,0,0
WRE1,5/4/1981,0,0
WRE1,5/5/1981,0,0
WRE1,5/6/1981,0,0
WRE1,5/7/1981,0,0
WRE1,5/8/1981,0,0
WRE1,5/9/1981,0,0
WRE1,5/10/1981,0,0
WRE1,5/11/1981,0,0
WRE1,5/12/1981,0,0
WRE1,5/13/1981,0,0
WRE1,5/14/1981,0,0
WRE1,5/15/1981,0,0
WRE1,5/16/1981,0,0
WRE1,5/17/1981,0,0
WRE1,5/18/1981,0,0
WRE1,5/19/1981,0,0
WRE1,5/20/1981,0,0
WRE1,5/21/1981,0,0
WRE1,5/22/1981,0.00016,0.0006
WRE1,5/23/1981,0,0
WRE1,5/24/1981,0,0
WRE1,5/25/1981,0,0
WRE1,5/26/1981,0,0
WRE1,5/27/1981,0,0
WRE1,6/5/1981,0,0
WRE1,6/6/1981,0,0
WRE1,6/7/1981,0,0
WRE1,6/8/1981,0,0
WRE1,6/9/1981,0,0
WRE1,6/10/1981,0,0
WRE1,6/11/1981,0,0
WRE1,6/12/1981,0,0
WRE1,6/13/1981,0,0
WRE1,6/14/1981,0,0
WRE1,6/15/1981,0.00317,0.0218
WRE1,6/16/1981,0,0
WRE1,6/17/1981,0,0
WRE1,6/18/1981,0,0
WRE1,6/19/1981,0,0
WRE1,6/20/1981,0,0
WRE1,6/21/1981,0,0
WRE1,6/22/1981,0,0
WRE1,6/23/1981,0,0
WRE1,6/24/1981,0,0
WRE1,6/25/1981,0,0
WRE1,6/26/1981,0,0
WRE1,6/27/1981,0,0
WRE1,6/28/1981,0,0
WRE1,6/29/1981,0,0
WRE1,6/30/1981,0.00213,0.0146
WRE1,7/1/1981,0,0
WRE1,7/2/1981,0,0
WRE1,7/3/1981,0.00214,0.0112
WRE1,7/4/1981,0,0
WRE1,7/5/1981,0,0
WRE1,7/6/1981,0,0
WRE1,7/7/1981,0,0
WRE1,7/8/1981,0,0
WRE1,7/9/1981,0,0
WRE1,7/10/1981,0,0
WRE1,7/11/1981,0,0
WRE1,7/12/1981,0,0
WRE1,7/13/1981,0,0
WRE1,7/14/1981,0,0
WRE1,7/15/1981,0,0
WRE1,7/16/1981,0,0
WRE1,7/17/1981,0,0
WRE1,7/18/1981,0,0
WRE1,7/19/1981,0,0
WRE1,7/20/1981,0,0
WRE1,7/21/1981,0,0
WRE1,7/22/1981,0,0
WRE1,7/23/1981,0,0
WRE1,7/24/1981,0,0
WRE1,7/25/1981,0,0
WRE1,7/26/1981,0,0
WRE1,7/27/1981,0,0
WRE1,7/28/1981,0.00085,0.0063
WRE1,7/29/1981,0,0
WRE1,7/30/1981,0,0
WRE1,7/31/1981,0,0
WRE1,8/1/1981,0.0001,0.0013
WRE1,8/2/1981,0,0
WRE1,8/3/1981,0,0
WRE1,8/4/1981,0,0
WRE1,8/5/1981,0,0
WRE1,8/6/1981,0,0
WRE1,8/7/1981,0.00049,0.0039
WRE1,8/8/1981,0,0
WRE1,8/13/1981,0,0
WRE1,8/14/1981,0,0
WRE1,8/15/1981,0.00054,0.006
WRE1,8/16/1981,0.00184,0.019
WRE1,8/17/1981,0,0
WRE1,8/18/1981,0,0
WRE1,8/19/1981,0,0
WRE1,8/20/1981,0,0
WRE1,8/21/1981,0,0
WRE1,8/22/1981,0,0
WRE1,8/23/1981,0,0
WRE1,8/24/1981,0,0
WRE1,8/25/1981,0,0
WRE1,8/26/1981,0,0
WRE1,8/27/1981,0,0
WRE1,8/28/1981,0,0
WRE1,8/29/1981,0,0
WRE1,8/30/1981,0,0
WRE1,8/31/1981,0,0
WRE1,9/1/1981,0.00214,0.0115
WRE1,9/2/1981,0,0
WRE1,9/3/1981,0,0
WRE1,9/4/1981,0,0
WRE1,9/5/1981,0.00009,0.0006
WRE1,9/6/1981,0,0
WRE1,9/7/1981,0,0
WRE1,9/8/1981,0,0
WRE1,9/9/1981,0,0
WRE1,9/10/1981,0,0
WRE1,9/11/1981,0,0
WRE1,9/12/1981,0.00018,0.002
WRE1,9/13/1981,0.0002,0.001
WRE1,9/14/1981,0,0
WRE1,9/15/1981,0,0
WRE1,9/16/1981,0,0
WRE1,9/17/1981,0,0
WRE1,9/18/1981,0,0
WRE1,9/19/1981,0,0
WRE1,9/20/1981,0,0
WRE1,9/21/1981,0,0
WRE1,9/22/1981,0,0
WRE1,9/23/1981,0,0
WRE1,9/24/1981,0,0
WRE1,9/25/1981,0,0
WRE1,9/26/1981,0,0
WRE1,9/27/1981,0,0
WRE1,9/28/1981,0,0
WRE1,9/29/1981,0,0
WRE1,9/30/1981,0,0
WRE1,10/1/1981,0,0
WRE1,10/2/1981,0.00124,0.0076
WRE1,10/3/1981,0,0
WRE1,10/4/1981,0,0
WRE1,10/5/1981,0,0
WRE1,10/6/1981,0,0
WRE1,10/7/1981,0.00095,0.0063
WRE1,10/8/1981,0.00595,0.1409
WRE1,10/9/1981,0,0
WRE1,10/10/1981,0,0
WRE1,10/11/1981,0,0
WRE1,10/12/1981,0,0
WRE1,10/13/1981,0,0
WRE1,10/14/1981,0,0
WRE1,10/15/1981,0,0
WRE1,10/16/1981,0.00048,0.0069
WRE1,10/17/1981,0,0
WRE1,10/18/1981,0,0
WRE1,10/19/1981,0,0
WRE1,10/20/1981,0,0
WRE1,10/21/1981,0,0
WRE1,10/22/1981,0,0
WRE1,10/23/1981,0,0
WRE1,10/24/1981,0,0
WRE1,10/25/1981,0,0
WRE1,10/26/1981,0,0
WRE1,10/27/1981,0,0
WRE1,10/28/1981,0,0
WRE1,10/29/1981,0,0
WRE1,10/30/1981,0,0
WRE1,10/31/1981,0.00017,0.0043
WRE1,11/1/1981,0,0
WRE1,11/2/1981,0,0
WRE1,11/3/1981,0,0
WRE1,11/4/1981,0,0
WRE1,11/5/1981,0,0
WRE1,11/6/1981,0,0
WRE1,11/7/1981,0,0
WRE1,11/8/1981,0,0
WRE1,11/9/1981,0,0
WRE1,11/10/1981,0,0
WRE1,11/11/1981,0,0
WRE1,11/12/1981,0,0
WRE1,11/13/1981,0,0
WRE1,11/14/1981,0,0
WRE1,11/15/1981,0,0
WRE1,11/16/1981,0,0
WRE1,11/17/1981,0,0
WRE1,11/18/1981,0,0
WRE1,11/19/1981,0,0
WRE1,11/20/1981,0,0
WRE1,11/21/1981,0,0
WRE1,11/22/1981,0,0
WRE1,11/23/1981,0,0
WRE1,11/24/1981,0,0
WRE1,11/25/1981,0,0
WRE1,11/26/1981,0,0
WRE1,11/27/1981,0,0
WRE1,11/28/1981,0,0
WRE1,11/29/1981,0,0
WRE1,11/30/1981,0,0
WRE1,12/1/1981,0,0
WRE1,12/2/1981,0,0
WRE1,12/3/1981,0,0
WRE1,12/4/1981,0,0
WRE1,12/5/1981,0,0
WRE1,12/6/1981,0,0
WRE1,12/7/1981,0,0
WRE1,12/8/1981,0,0
WRE1,12/9/1981,0,0
WRE1,12/10/1981,0,0
WRE1,12/11/1981,0,0
WRE1,12/12/1981,0,0
WRE1,12/13/1981,0,0
WRE1,12/14/1981,0,0
WRE1,12/15/1981,0,0
WRE1,12/16/1981,0,0
WRE1,12/17/1981,0,0
WRE1,12/18/1981,0,0
WRE1,12/19/1981,0,0
WRE1,12/20/1981,0,0
WRE1,12/21/1981,0,0
WRE1,12/22/1981,0,0
WRE1,12/23/1981,0,0
WRE1,12/24/1981,0,0
WRE1,12/25/1981,0,0
WRE1,12/26/1981,0,0
WRE1,12/27/1981,0,0
WRE1,12/28/1981,0,0
WRE1,12/29/1981,0,0
WRE1,12/30/1981,0,0
WRE1,12/31/1981,0,0
WRE1,1/1/1982,0,0
WRE1,1/2/1982,0,0
WRE1,1/3/1982,0,0
WRE1,1/4/1982,0,0
WRE1,1/5/1982,0,0
WRE1,1/6/1982,0,0
WRE1,1/7/1982,0,0
WRE1,1/8/1982,0,0
WRE1,1/9/1982,0,0
WRE1,1/10/1982,0,0
WRE1,1/11/1982,0,0
WRE1,1/12/1982,0,0
WRE1,1/13/1982,0,0
WRE1,1/14/1982,0,0
WRE1,1/15/1982,0,0
WRE1,1/16/1982,0,0
WRE1,1/17/1982,0,0
WRE1,1/18/1982,0,0
WRE1,1/19/1982,0,0
WRE1,1/20/1982,0,0
WRE1,1/21/1982,0,0
WRE1,1/22/1982,0,0
WRE1,1/23/1982,0,0
WRE1,1/24/1982,0,0
WRE1,1/25/1982,0,0
WRE1,1/26/1982,0,0
WRE1,1/27/1982,0,0
WRE1,1/28/1982,0,0
WRE1,1/29/1982,0.00141,0.0692
WRE1,1/30/1982,0.00378,0.1278
WRE1,1/31/1982,0,0
WRE1,2/1/1982,0,0
WRE1,2/2/1982,0.0149,0.4119
WRE1,2/3/1982,0,0
WRE1,2/4/1982,0,0
WRE1,2/5/1982,0,0
WRE1,2/6/1982,0,0
WRE1,2/7/1982,0,0
WRE1,2/8/1982,0,0
WRE1,2/9/1982,0,0
WRE1,2/10/1982,0,0
WRE1,2/11/1982,0,0
WRE1,2/12/1982,0,0
WRE1,2/13/1982,0,0
WRE1,2/14/1982,0,0
WRE1,2/15/1982,0,0
WRE1,2/16/1982,0,0
WRE1,2/17/1982,0,0
WRE1,2/18/1982,0,0
WRE1,2/19/1982,0,0
WRE1,2/20/1982,0,0
WRE1,2/21/1982,0,0
WRE1,2/22/1982,0,0
WRE1,2/23/1982,0,0
WRE1,2/24/1982,0,0
WRE1,2/25/1982,0,0
WRE1,2/26/1982,0,0
WRE1,2/27/1982,0,0
WRE1,2/28/1982,0,0
WRE1,3/1/1982,0,0
WRE1,3/2/1982,0,0
WRE1,3/3/1982,0,0
WRE1,3/4/1982,0,0
WRE1,3/5/1982,0,0
WRE1,3/6/1982,0,0
WRE1,3/7/1982,0,0
WRE1,3/8/1982,0,0
WRE1,3/9/1982,0,0
WRE1,3/10/1982,0,0
WRE1,3/11/1982,0,0
WRE1,3/12/1982,0,0
WRE1,3/13/1982,0,0
WRE1,3/14/1982,0,0
WRE1,3/15/1982,0,0
WRE1,3/16/1982,0,0
WRE1,3/17/1982,0,0
WRE1,3/18/1982,0,0
WRE1,3/19/1982,0,0
WRE1,3/20/1982,0,0
WRE1,3/21/1982,0,0
WRE1,3/22/1982,0,0
WRE1,3/23/1982,0,0
WRE1,3/24/1982,0,0
WRE1,3/25/1982,0,0
WRE1,3/26/1982,0,0
WRE1,3/27/1982,0,0
WRE1,3/28/1982,0,0
WRE1,3/29/1982,0,0
WRE1,3/30/1982,0,0
WRE1,3/31/1982,0,0
WRE1,4/1/1982,0,0
WRE1,4/2/1982,0,0
WRE1,4/3/1982,0,0
WRE1,4/4/1982,0,0
WRE1,4/5/1982,0,0
WRE1,4/6/1982,0,0
WRE1,4/7/1982,0,0
WRE1,4/8/1982,0,0
WRE1,4/9/1982,0,0
WRE1,4/10/1982,0,0
WRE1,4/11/1982,0,0
WRE1,4/12/1982,0,0
WRE1,4/13/1982,0,0
WRE1,4/14/1982,0,0
WRE1,4/15/1982,0,0
WRE1,4/16/1982,0,0
WRE1,4/17/1982,0,0
WRE1,4/18/1982,0,0
WRE1,4/19/1982,0,0
WRE1,4/20/1982,0,0
WRE1,4/21/1982,0,0
WRE1,4/22/1982,0,0
WRE1,4/23/1982,0,0
WRE1,4/24/1982,0,0
WRE1,4/25/1982,0,0
WRE1,4/26/1982,0,0
WRE1,4/27/1982,0,0
WRE1,4/28/1982,0,0
WRE1,4/29/1982,0,0
WRE1,4/30/1982,0,0
WRE1,5/1/1982,0,0
WRE1,5/2/1982,0,0
WRE1,5/3/1982,0,0
WRE1,5/4/1982,0,0
WRE1,5/5/1982,0,0
WRE1,5/6/1982,0,0
WRE1,5/7/1982,0,0
WRE1,5/8/1982,0,0
WRE1,5/9/1982,0,0
WRE1,5/10/1982,0,0
WRE1,5/11/1982,0,0
WRE1,5/12/1982,1.12573,74.6445
WRE1,5/13/1982,0,0
WRE1,5/14/1982,0,0
WRE1,5/15/1982,0,0
WRE1,5/16/1982,1.27358,192.9317
WRE1,5/17/1982,0.55416,80.1707
WRE1,5/18/1982,0,0
WRE1,5/19/1982,0,0
WRE1,5/20/1982,0,0
WRE1,5/21/1982,0,0
WRE1,6/5/1982,0,0
WRE1,6/6/1982,0,0
WRE1,6/7/1982,0,0
WRE1,6/8/1982,0,0
WRE1,6/9/1982,0,0
WRE1,6/10/1982,0,0
WRE1,6/11/1982,0,0
WRE1,6/12/1982,0,0
WRE1,6/13/1982,0,0
WRE1,6/14/1982,0,0
WRE1,6/15/1982,0,0
WRE1,6/16/1982,0,0
WRE1,6/17/1982,0,0
WRE1,6/18/1982,0,0
WRE1,6/19/1982,0,0
WRE1,6/20/1982,0,0
WRE1,6/21/1982,0,0
WRE1,6/22/1982,0,0
WRE1,6/23/1982,0,0
WRE1,6/24/1982,0.00025,0.0035
WRE1,6/25/1982,0,0
WRE1,6/26/1982,0,0
WRE1,6/27/1982,0,0
WRE1,6/28/1982,0,0
WRE1,6/29/1982,0,0
WRE1,6/30/1982,0,0
WRE1,7/1/1982,0,0
WRE1,7/2/1982,0,0
WRE1,7/3/1982,0,0
WRE1,7/4/1982,0,0
WRE1,7/5/1982,0,0
WRE1,7/6/1982,0.05583,3.988
WRE1,7/7/1982,0.01005,0.2836
WRE1,7/8/1982,0,0
WRE1,7/9/1982,0,0
WRE1,7/10/1982,0,0
WRE1,7/11/1982,0,0
WRE1,7/12/1982,0,0
WRE1,7/13/1982,0,0
WRE1,7/14/1982,0,0
WRE1,7/15/1982,0,0
WRE1,7/16/1982,0,0
WRE1,7/17/1982,0,0
WRE1,7/18/1982,0,0
WRE1,7/19/1982,0,0
WRE1,7/20/1982,0,0
WRE1,7/21/1982,0,0
WRE1,7/22/1982,0,0
WRE1,7/23/1982,0,0
WRE1,7/24/1982,0,0
WRE1,7/25/1982,0,0
WRE1,7/26/1982,0,0
WRE1,7/27/1982,0,0
WRE1,7/28/1982,0,0
WRE1,7/29/1982,0,0
WRE1,7/30/1982,0,0
WRE1,7/31/1982,0,0
WRE1,8/1/1982,0,0
WRE1,8/2/1982,0,0
WRE1,8/3/1982,0,0
WRE1,8/4/1982,0,0
WRE1,8/5/1982,0,0
WRE1,8/6/1982,0,0
WRE1,8/7/1982,0,0
WRE1,8/8/1982,0,0
WRE1,8/9/1982,0,0
WRE1,8/10/1982,0,0
WRE1,8/11/1982,0,0
WRE1,8/12/1982,0,0
WRE1,8/13/1982,0,0
WRE1,8/14/1982,0,0
WRE1,8/15/1982,0,0
WRE1,8/16/1982,0,0
WRE1,8/17/1982,0,0
WRE1,8/18/1982,0,0
WRE1,8/19/1982,0,0
WRE1,8/20/1982,0,0
WRE1,8/21/1982,0,0
WRE1,8/22/1982,0,0
WRE1,8/23/1982,0,0
WRE1,8/24/1982,0,0
WRE1,8/25/1982,0,0
WRE1,8/26/1982,0,0
WRE1,8/27/1982,0,0
WRE1,8/28/1982,0,0
WRE1,8/29/1982,0,0
WRE1,8/30/1982,0,0
WRE1,8/31/1982,0,0
WRE1,9/1/1982,0,0
WRE1,9/2/1982,0,0
WRE1,9/3/1982,0,0
WRE1,9/4/1982,0,0
WRE1,9/5/1982,0,0
WRE1,9/6/1982,0,0
WRE1,9/7/1982,0,0
WRE1,9/8/1982,0,0
WRE1,9/9/1982,0,0
WRE1,9/10/1982,0,0
WRE1,9/11/1982,0,0
WRE1,9/12/1982,0,0
WRE1,9/13/1982,0,0
WRE1,9/14/1982,0,0
WRE1,9/15/1982,0,0
WRE1,9/16/1982,0,0
WRE1,9/17/1982,0,0
WRE1,9/18/1982,0,0
WRE1,9/19/1982,0,0
WRE1,9/20/1982,0,0
WRE1,9/21/1982,0,0
WRE1,9/22/1982,0,0
WRE1,9/23/1982,0,0
WRE1,9/24/1982,0,0
WRE1,9/25/1982,0,0
WRE1,9/26/1982,0,0
WRE1,9/27/1982,0,0
WRE1,9/28/1982,0,0
WRE1,9/29/1982,0,0
WRE1,9/30/1982,0,0
WRE1,10/1/1982,0,0
WRE1,10/2/1982,0,0
WRE1,10/3/1982,0,0
WRE1,10/4/1982,0,0
WRE1,10/5/1982,0,0
WRE1,10/6/1982,0,0
WRE1,10/7/1982,0,0
WRE1,10/8/1982,0,0
WRE1,10/9/1982,0,0
WRE1,10/10/1982,0,0
WRE1,10/11/1982,0,0
WRE1,10/12/1982,0,0
WRE1,10/13/1982,0,0
WRE1,10/14/1982,0,0
WRE1,10/15/1982,0,0
WRE1,10/16/1982,0,0
WRE1,10/17/1982,0,0
WRE1,10/18/1982,0,0
WRE1,10/19/1982,0,0
WRE1,10/20/1982,0,0
WRE1,10/21/1982,0,0
WRE1,10/22/1982,0,0
WRE1,10/23/1982,0,0
WRE1,10/24/1982,0,0
WRE1,10/25/1982,0,0
WRE1,10/26/1982,0,0
WRE1,10/27/1982,0,0
WRE1,10/28/1982,0,0
WRE1,10/29/1982,0,0
WRE1,10/30/1982,0,0
WRE1,10/31/1982,0,0
WRE1,11/1/1982,0,0
WRE1,11/2/1982,0,0
WRE1,11/3/1982,0,0
WRE1,11/4/1982,0,0
WRE1,11/5/1982,0,0
WRE1,11/6/1982,0,0
WRE1,11/7/1982,0,0
WRE1,11/8/1982,0,0
WRE1,11/9/1982,0,0
WRE1,11/10/1982,0,0
WRE1,11/11/1982,0.00009,0.0007
WRE1,11/12/1982,0,0
WRE1,11/13/1982,0,0
WRE1,11/14/1982,0,0
WRE1,11/15/1982,0,0
WRE1,11/16/1982,0,0
WRE1,11/17/1982,0,0
WRE1,11/18/1982,0,0
WRE1,11/19/1982,0,0
WRE1,11/20/1982,0,0
WRE1,11/21/1982,0,0
WRE1,11/22/1982,0,0
WRE1,11/23/1982,0,0
WRE1,11/24/1982,0,0
WRE1,11/25/1982,0,0
WRE1,11/26/1982,0,0
WRE1,11/27/1982,0,0
WRE1,11/28/1982,0,0
WRE1,11/29/1982,0,0
WRE1,11/30/1982,0,0
WRE1,12/1/1982,0,0
WRE1,12/2/1982,0,0
WRE1,12/3/1982,0,0
WRE1,12/4/1982,0,0
WRE1,12/5/1982,0,0
WRE1,12/6/1982,0,0
WRE1,12/7/1982,0,0
WRE1,12/8/1982,0,0
WRE1,12/9/1982,0,0
WRE1,12/10/1982,0,0
WRE1,12/11/1982,0,0
WRE1,12/12/1982,0,0
WRE1,12/13/1982,0,0
WRE1,12/14/1982,0,0
WRE1,12/15/1982,0,0
WRE1,12/16/1982,0,0
WRE1,12/17/1982,0,0
WRE1,12/18/1982,0,0
WRE1,12/19/1982,0,0
WRE1,12/20/1982,0,0
WRE1,12/21/1982,0,0
WRE1,12/22/1982,0,0
WRE1,12/23/1982,0,0
WRE1,12/24/1982,0,0
WRE1,12/25/1982,0,0
WRE1,12/26/1982,0,0
WRE1,12/27/1982,0,0
WRE1,12/28/1982,0,0
WRE1,12/29/1982,0,0
WRE1,12/30/1982,0,0
WRE1,12/31/1982,0,0
WRE1,1/1/1983,0,0
WRE1,1/2/1983,0,0
WRE1,1/3/1983,0,0
WRE1,1/4/1983,0,0
WRE1,1/5/1983,0,0
WRE1,1/6/1983,0,0
WRE1,1/7/1983,0,0
WRE1,1/8/1983,0,0
WRE1,1/9/1983,0,0
WRE1,1/10/1983,0,0
WRE1,1/11/1983,0,0
WRE1,1/12/1983,0,0
WRE1,1/13/1983,0,0
WRE1,1/14/1983,0,0
WRE1,1/15/1983,0,0
WRE1,1/16/1983,0,0
WRE1,1/17/1983,0,0
WRE1,1/18/1983,0,0
WRE1,1/19/1983,0,0
WRE1,1/20/1983,0,0
WRE1,1/21/1983,0,0
WRE1,1/22/1983,0,0
WRE1,1/23/1983,0,0
WRE1,1/24/1983,0,0
WRE1,1/25/1983,0,0
WRE1,1/26/1983,0,0
WRE1,1/27/1983,0,0
WRE1,1/28/1983,0,0
WRE1,1/29/1983,0,0
WRE1,1/30/1983,0,0
WRE1,1/31/1983,0,0
WRE1,2/1/1983,0,0
WRE1,2/2/1983,0,0
WRE1,2/3/1983,0,0
WRE1,2/4/1983,0,0
WRE1,2/5/1983,0,0
WRE1,2/6/1983,0,0
WRE1,2/7/1983,0,0
WRE1,2/8/1983,0,0
WRE1,2/9/1983,0,0
WRE1,2/10/1983,0,0
WRE1,2/11/1983,0,0
WRE1,2/12/1983,0,0
WRE1,2/13/1983,0,0
WRE1,2/14/1983,0,0
WRE1,2/15/1983,0,0
WRE1,2/16/1983,0,0
WRE1,2/17/1983,0,0
WRE1,2/18/1983,0,0
WRE1,2/19/1983,0,0
WRE1,2/20/1983,0,0
WRE1,2/21/1983,0,0
WRE1,2/22/1983,0,0
WRE1,2/23/1983,0,0
WRE1,2/24/1983,0,0
WRE1,2/25/1983,0,0
WRE1,2/26/1983,0,0
WRE1,2/27/1983,0,0
WRE1,2/28/1983,0,0
WRE1,3/1/1983,0,0
WRE1,3/2/1983,0,0
WRE1,3/3/1983,0,0
WRE1,3/4/1983,0,0
WRE1,3/5/1983,0,0
WRE1,3/6/1983,0,0
WRE1,3/7/1983,0,0
WRE1,3/8/1983,0,0
WRE1,3/9/1983,0,0
WRE1,3/10/1983,0,0
WRE1,3/11/1983,0,0
WRE1,3/12/1983,0,0
WRE1,3/13/1983,0,0
WRE1,3/14/1983,0,0
WRE1,3/15/1983,0,0
WRE1,3/16/1983,0,0
WRE1,3/17/1983,0,0
WRE1,3/18/1983,0,0
WRE1,3/19/1983,0,0
WRE1,3/20/1983,0,0
WRE1,3/21/1983,0,0
WRE1,3/22/1983,0,0
WRE1,3/23/1983,0,0
WRE1,3/24/1983,0,0
WRE1,3/25/1983,0.0014,0.0214
WRE1,3/26/1983,0.00216,0.0196
WRE1,3/27/1983,0,0
WRE1,3/28/1983,0,0
WRE1,3/29/1983,0,0
WRE1,3/30/1983,0,0
WRE1,3/31/1983,0,0
WRE1,4/1/1983,0,0
WRE1,4/2/1983,0,0
WRE1,4/3/1983,0,0
WRE1,4/4/1983,0.00007,0.0007
WRE1,4/5/1983,0.00721,0.0752
WRE1,4/6/1983,0,0
WRE1,4/7/1983,0,0
WRE1,4/8/1983,0,0
WRE1,4/9/1983,0,0
WRE1,4/10/1983,0,0
WRE1,4/11/1983,0,0
WRE1,4/12/1983,0,0
WRE1,4/13/1983,0,0
WRE1,4/14/1983,0,0
WRE1,4/15/1983,0,0
WRE1,4/16/1983,0,0
WRE1,4/17/1983,0,0
WRE1,4/18/1983,0,0
WRE1,4/19/1983,0,0
WRE1,4/20/1983,0,0
WRE1,4/21/1983,0,0
WRE1,4/22/1983,0,0
WRE1,4/23/1983,0,0
WRE1,4/24/1983,0,0
WRE1,4/25/1983,0,0
WRE1,4/26/1983,0,0
WRE1,4/27/1983,0,0
WRE1,4/28/1983,0,0
WRE1,4/29/1983,0,0
WRE1,4/30/1983,0,0
WRE1,5/1/1983,0,0
WRE1,5/2/1983,0,0
WRE1,5/3/1983,0,0
WRE1,5/4/1983,0,0
WRE1,5/5/1983,0,0
WRE1,5/6/1983,0,0
WRE1,5/7/1983,0,0
WRE1,5/8/1983,0,0
WRE1,5/9/1983,0,0
WRE1,5/10/1983,0,0
WRE1,5/11/1983,0,0
WRE1,5/12/1983,0,0
WRE1,5/24/1983,0,0
WRE1,5/25/1983,0,0
WRE1,5/26/1983,0,0
WRE1,5/27/1983,0,0
WRE1,5/28/1983,0,0
WRE1,5/29/1983,0,0
WRE1,5/30/1983,0.16599,11.5986
WRE1,5/31/1983,0.00938,0.2042
WRE1,6/1/1983,0,0
WRE1,6/2/1983,0,0
WRE1,6/3/1983,0,0
WRE1,6/4/1983,0,0
WRE1,6/5/1983,0,0
WRE1,6/6/1983,0,0
WRE1,6/7/1983,0,0
WRE1,6/8/1983,0,0
WRE1,6/9/1983,0.00002,0.0003
WRE1,6/10/1983,0.04283,3.205
WRE1,6/11/1983,0.10617,4.0732
WRE1,6/12/1983,0,0
WRE1,6/13/1983,0,0
WRE1,6/14/1983,0,0
WRE1,6/15/1983,0,0
WRE1,6/16/1983,0,0
WRE1,6/17/1983,0,0
WRE1,6/18/1983,0,0
WRE1,6/19/1983,0,0
WRE1,6/20/1983,0,0
WRE1,6/21/1983,0,0
WRE1,6/22/1983,0,0
WRE1,6/23/1983,0,0
WRE1,6/24/1983,0,0
WRE1,6/25/1983,0,0
WRE1,6/26/1983,0,0
WRE1,6/27/1983,0,0
WRE1,6/28/1983,0.01617,0.6165
WRE1,6/29/1983,0,0
WRE1,6/30/1983,0,0
WRE1,7/1/1983,0,0
WRE1,7/2/1983,0,0
WRE1,7/3/1983,0,0
WRE1,7/4/1983,0,0
WRE1,7/5/1983,0,0
WRE1,7/6/1983,0,0
WRE1,7/7/1983,0,0
WRE1,7/8/1983,0,0
WRE1,7/9/1983,0,0
WRE1,7/10/1983,0,0
WRE1,7/11/1983,0,0
WRE1,7/12/1983,0,0
WRE1,7/13/1983,0,0
WRE1,7/14/1983,0,0
WRE1,7/15/1983,0,0
WRE1,7/16/1983,0,0
WRE1,7/17/1983,0,0
WRE1,7/18/1983,0,0
WRE1,7/19/1983,0,0
WRE1,7/20/1983,0,0
WRE1,7/21/1983,0,0
WRE1,7/22/1983,0,0
WRE1,7/23/1983,0,0
WRE1,7/24/1983,0,0
WRE1,7/25/1983,0,0
WRE1,7/26/1983,0,0
WRE1,7/27/1983,0,0
WRE1,7/28/1983,0,0
WRE1,7/29/1983,0,0
WRE1,7/30/1983,0,0
WRE1,7/31/1983,0,0
WRE1,8/1/1983,0,0
WRE1,8/2/1983,0,0
WRE1,8/3/1983,0,0
WRE1,8/4/1983,0,0
WRE1,8/5/1983,0,0
WRE1,8/6/1983,0,0
WRE1,8/7/1983,0.0001,0.0023
WRE1,8/8/1983,0,0
WRE1,8/9/1983,0,0
WRE1,8/10/1983,0,0
WRE1,8/11/1983,0,0
WRE1,8/12/1983,0,0
WRE1,8/13/1983,0,0
WRE1,8/14/1983,0,0
WRE1,8/15/1983,0,0
WRE1,8/16/1983,0,0
WRE1,8/17/1983,0,0
WRE1,8/18/1983,0,0
WRE1,8/19/1983,0,0
WRE1,8/20/1983,0.05002,3.8033
WRE1,8/21/1983,0,0
WRE1,8/22/1983,0,0
WRE1,8/23/1983,0,0
WRE1,8/24/1983,0,0
WRE1,8/25/1983,0,0
WRE1,8/26/1983,0,0
WRE1,8/27/1983,0,0
WRE1,8/28/1983,0,0
WRE1,8/29/1983,0,0
WRE1,8/30/1983,0,0
WRE1,8/31/1983,0,0
WRE1,9/1/1983,0,0
WRE1,9/2/1983,0,0
WRE1,9/3/1983,0,0
WRE1,9/4/1983,0,0
WRE1,9/5/1983,0,0
WRE1,9/6/1983,0,0
WRE1,9/7/1983,0,0
WRE1,9/8/1983,0,0
WRE1,9/9/1983,0,0
WRE1,9/10/1983,0,0
WRE1,9/11/1983,0.00086,0.0127
WRE1,9/12/1983,0,0
WRE1,9/13/1983,0,0
WRE1,9/14/1983,0,0
WRE1,9/15/1983,0,0
WRE1,9/16/1983,0,0
WRE1,9/17/1983,0,0
WRE1,9/18/1983,0,0
WRE1,9/19/1983,0,0
WRE1,9/20/1983,0,0
WRE1,9/21/1983,0,0
WRE1,9/22/1983,0,0
WRE1,9/23/1983,0,0
WRE1,9/24/1983,0,0
WRE1,9/25/1983,0,0
WRE1,9/26/1983,0,0
WRE1,9/27/1983,0,0
WRE1,9/28/1983,0,0
WRE1,9/29/1983,0,0
WRE1,9/30/1983,0,0
WRE1,10/1/1983,0,0
WRE1,10/2/1983,0,0
WRE1,10/3/1983,0,0
WRE1,10/4/1983,0,0
WRE1,10/5/1983,0,0
WRE1,10/6/1983,0,0
WRE1,10/7/1983,0,0
WRE1,10/8/1983,0,0
WRE1,10/9/1983,0,0
WRE1,10/10/1983,0,0
WRE1,10/11/1983,0,0
WRE1,10/12/1983,0,0
WRE1,10/13/1983,0,0
WRE1,10/14/1983,0,0
WRE1,10/15/1983,0,0
WRE1,10/16/1983,0,0
WRE1,10/17/1983,0,0
WRE1,10/18/1983,0,0
WRE1,10/19/1983,0.16282,13.2846
WRE1,10/20/1983,3.97174,197.8719
WRE1,10/21/1983,0.03512,0.3184
WRE1,10/22/1983,0,0
WRE1,10/23/1983,0,0
WRE1,10/24/1983,0,0
WRE1,10/25/1983,0,0
WRE1,10/26/1983,0,0
WRE1,10/27/1983,0,0
WRE1,10/28/1983,0,0
WRE1,10/29/1983,0,0
WRE1,10/30/1983,0,0
WRE1,10/31/1983,0,0
WRE1,11/1/1983,0,0
WRE1,11/2/1983,0,0
WRE1,11/3/1983,0,0
WRE1,11/4/1983,0,0
WRE1,11/5/1983,0,0
WRE1,11/6/1983,0,0
WRE1,11/7/1983,0,0
WRE1,11/8/1983,0,0
WRE1,11/9/1983,0,0
WRE1,11/10/1983,0,0
WRE1,11/11/1983,0,0
WRE1,11/12/1983,0,0
WRE1,11/13/1983,0,0
WRE1,11/14/1983,0,0
WRE1,11/15/1983,0,0
WRE1,11/16/1983,0,0
WRE1,11/17/1983,0,0
WRE1,11/18/1983,0,0
WRE1,11/19/1983,0,0
WRE1,11/20/1983,0,0
WRE1,11/21/1983,0,0
WRE1,11/22/1983,0,0
WRE1,11/23/1983,0,0
WRE1,11/24/1983,0,0
WRE1,11/25/1983,0,0
WRE1,11/26/1983,0,0
WRE1,11/27/1983,0,0
WRE1,11/28/1983,0,0
WRE1,11/29/1983,0,0
WRE1,11/30/1983,0,0
WRE1,12/1/1983,0,0
WRE1,12/2/1983,0,0
WRE1,12/3/1983,0,0
WRE1,12/4/1983,0,0
WRE1,12/5/1983,0,0
WRE1,12/6/1983,0,0
WRE1,12/7/1983,0,0
WRE1,12/8/1983,0,0
WRE1,12/9/1983,0,0
WRE1,12/10/1983,0,0
WRE1,12/11/1983,0,0
WRE1,12/12/1983,0,0
WRE1,12/13/1983,0,0
WRE1,12/14/1983,0,0
WRE1,12/15/1983,0,0
WRE1,12/16/1983,0,0
WRE1,12/17/1983,0,0
WRE1,12/18/1983,0,0
WRE1,12/19/1983,0,0
WRE1,12/20/1983,0,0
WRE1,12/21/1983,0,0
WRE1,12/22/1983,0,0
WRE1,12/23/1983,0,0
WRE1,12/24/1983,0,0
WRE1,12/25/1983,0,0
WRE1,12/26/1983,0,0
WRE1,12/27/1983,0,0
WRE1,12/28/1983,0,0
WRE1,12/29/1983,0,0
WRE1,12/30/1983,0,0
WRE1,12/31/1983,0,0
WRE1,1/1/1984,0,0
WRE1,1/2/1984,0,0
WRE1,1/3/1984,0,0
WRE1,1/4/1984,0,0
WRE1,1/5/1984,0,0
WRE1,1/6/1984,0,0
WRE1,1/7/1984,0,0
WRE1,1/8/1984,0,0
WRE1,1/9/1984,0,0
WRE1,1/10/1984,0,0
WRE1,1/11/1984,0,0
WRE1,1/12/1984,0,0
WRE1,1/13/1984,0,0
WRE1,1/14/1984,0,0
WRE1,1/15/1984,0,0
WRE1,1/16/1984,0,0
WRE1,1/17/1984,0,0
WRE1,1/18/1984,0,0
WRE1,1/19/1984,0,0
WRE1,1/20/1984,0,0
WRE1,1/21/1984,0,0
WRE1,1/22/1984,0,0
WRE1,1/23/1984,0,0
WRE1,1/24/1984,0,0
WRE1,1/25/1984,0,0
WRE1,1/26/1984,0,0
WRE1,1/27/1984,0,0
WRE1,1/28/1984,0,0
WRE1,1/29/1984,0,0
WRE1,1/30/1984,0,0
WRE1,1/31/1984,0,0
WRE1,2/1/1984,0,0
WRE1,2/2/1984,0,0
WRE1,2/3/1984,0,0
WRE1,2/4/1984,0,0
WRE1,2/5/1984,0,0
WRE1,2/6/1984,0,0
WRE1,2/7/1984,0,0
WRE1,2/8/1984,0,0
WRE1,2/9/1984,0,0
WRE1,2/10/1984,0,0
WRE1,2/11/1984,0,0
WRE1,2/12/1984,0,0
WRE1,2/13/1984,0,0
WRE1,2/14/1984,0,0
WRE1,2/15/1984,0,0
WRE1,2/16/1984,0,0
WRE1,2/17/1984,0,0
WRE1,2/18/1984,0,0
WRE1,2/19/1984,0,0
WRE1,2/20/1984,0,0
WRE1,2/21/1984,0,0
WRE1,2/22/1984,0,0
WRE1,2/23/1984,0,0
WRE1,2/24/1984,0,0
WRE1,2/25/1984,0,0
WRE1,2/26/1984,0.0289,0.604
WRE1,2/27/1984,0.03379,0.6136
WRE1,2/28/1984,0,0
WRE1,2/29/1984,0,0
WRE1,3/1/1984,0,0
WRE1,3/2/1984,0,0
WRE1,3/3/1984,0,0
WRE1,3/4/1984,0,0
WRE1,3/5/1984,0,0
WRE1,3/6/1984,0,0
WRE1,3/7/1984,0,0
WRE1,3/8/1984,0,0
WRE1,3/9/1984,0,0
WRE1,3/10/1984,0,0
WRE1,3/11/1984,0,0
WRE1,3/12/1984,0,0
WRE1,3/13/1984,0,0
WRE1,3/14/1984,0,0
WRE1,3/15/1984,0,0
WRE1,3/16/1984,0,0
WRE1,3/17/1984,0,0
WRE1,3/18/1984,0,0
WRE1,3/19/1984,0,0
WRE1,3/20/1984,0,0
WRE1,3/21/1984,0,0
WRE1,3/22/1984,0.06201,0.8718
WRE1,3/23/1984,1.11934,13.8897
WRE1,3/24/1984,0.04986,0.4519
WRE1,3/25/1984,0,0
WRE1,3/26/1984,0,0
WRE1,3/27/1984,0.00276,0.0512
WRE1,3/28/1984,0.14179,4.2772
WRE1,3/29/1984,0,0
WRE1,3/30/1984,0,0
WRE1,3/31/1984,0,0
WRE1,4/1/1984,0,0
WRE1,4/2/1984,0,0
WRE1,4/3/1984,0,0
WRE1,4/4/1984,0,0
WRE1,4/5/1984,0,0
WRE1,4/6/1984,0,0
WRE1,4/7/1984,0,0
WRE1,4/8/1984,0.24634,5.1766
WRE1,4/9/1984,0.63719,12.7085
WRE1,4/10/1984,0,0
WRE1,4/11/1984,0,0
WRE1,4/12/1984,0,0
WRE1,4/13/1984,0,0
WRE1,4/14/1984,0,0
WRE1,4/15/1984,0,0
WRE1,4/16/1984,0,0
WRE1,4/17/1984,0,0
WRE1,4/18/1984,0,0
WRE1,4/19/1984,0,0
WRE1,4/20/1984,0,0
WRE1,4/21/1984,0,0
WRE1,4/22/1984,0,0
WRE1,4/23/1984,0,0
WRE1,4/24/1984,0,0
WRE1,4/25/1984,0,0
WRE1,4/26/1984,0,0
WRE1,4/27/1984,0,0
WRE1,4/28/1984,0,0
WRE1,4/29/1984,0,0
WRE1,4/30/1984,0,0
WRE1,5/1/1984,0,0
WRE1,5/2/1984,0,0
WRE1,5/3/1984,0,0
WRE1,5/4/1984,0,0
WRE1,5/5/1984,0,0
WRE1,5/6/1984,0,0
WRE1,5/7/1984,0,0
WRE1,5/8/1984,0,0
WRE1,5/9/1984,0,0
WRE1,5/10/1984,0,0
WRE1,5/11/1984,0,0
WRE1,5/12/1984,0,0
WRE1,5/13/1984,0,0
WRE1,5/14/1984,0,0
WRE1,5/15/1984,0,0
WRE1,5/16/1984,0,0
WRE1,5/17/1984,0,0
WRE1,5/18/1984,0,0
WRE1,5/19/1984,0,0
WRE1,5/20/1984,0,0
WRE1,5/21/1984,0,0
WRE1,5/22/1984,0,0
WRE1,5/23/1984,0,0
WRE1,5/24/1984,0,0
WRE1,5/25/1984,0,0
WRE1,5/26/1984,0,0
WRE1,5/27/1984,0,0
WRE1,5/28/1984,0,0
WRE1,5/29/1984,0,0
WRE1,5/30/1984,0,0
WRE1,5/31/1984,0,0
WRE1,6/1/1984,0,0
WRE1,6/2/1984,0,0
WRE1,6/3/1984,0,0
WRE1,6/4/1984,0,0
WRE1,6/5/1984,0,0
WRE1,6/6/1984,0,0
WRE1,6/7/1984,0,0
WRE1,6/8/1984,0,0
WRE1,6/9/1984,1.04776,27.1076
WRE1,6/10/1984,0.00471,0.0521
WRE1,6/11/1984,0,0
WRE1,6/12/1984,0,0
WRE1,6/13/1984,0,0
WRE1,6/14/1984,0,0
WRE1,6/15/1984,0,0
WRE1,6/16/1984,0,0
WRE1,6/17/1984,0,0
WRE1,6/18/1984,0,0
WRE1,6/19/1984,0,0
WRE1,6/20/1984,0.00015,0.0012
WRE1,6/21/1984,0,0
WRE1,6/22/1984,0,0
WRE1,6/23/1984,0.00033,0.003
WRE1,6/24/1984,0,0
WRE1,6/25/1984,0,0
WRE1,6/26/1984,0.00083,0.0059
WRE1,6/27/1984,0,0
WRE1,6/28/1984,0,0
WRE1,6/29/1984,0,0
WRE1,6/30/1984,0,0
WRE1,7/1/1984,0,0
WRE1,7/2/1984,0,0
WRE1,7/3/1984,0,0
WRE1,7/4/1984,0,0
WRE1,7/5/1984,0,0
WRE1,7/6/1984,0,0
WRE1,7/7/1984,0,0
WRE1,7/8/1984,0,0
WRE1,7/9/1984,0,0
WRE1,7/10/1984,0,0
WRE1,7/11/1984,0,0
WRE1,7/12/1984,0,0
WRE1,7/13/1984,0,0
WRE1,7/14/1984,0,0
WRE1,7/15/1984,0,0
WRE1,7/16/1984,0,0
WRE1,7/17/1984,0,0
WRE1,7/18/1984,0,0
WRE1,7/19/1984,0,0
WRE1,7/20/1984,0,0
WRE1,7/21/1984,0,0
WRE1,7/22/1984,0,0
WRE1,7/23/1984,0,0
WRE1,7/24/1984,0,0
WRE1,7/25/1984,0,0
WRE1,7/26/1984,0,0
WRE1,7/27/1984,0.00009,0.0008
WRE1,7/28/1984,0,0
WRE1,7/29/1984,0,0
WRE1,7/30/1984,0,0
WRE1,7/31/1984,0,0
WRE1,8/1/1984,0,0
WRE1,8/2/1984,0,0
WRE1,8/3/1984,0,0
WRE1,8/4/1984,0,0
WRE1,8/5/1984,0.00092,0.0053
WRE1,8/6/1984,0,0
WRE1,8/7/1984,0,0
WRE1,8/8/1984,0.00035,0.0023
WRE1,8/9/1984,0,0
WRE1,8/10/1984,0,0
WRE1,8/11/1984,0,0
WRE1,8/12/1984,0,0
WRE1,8/13/1984,0,0
WRE1,8/14/1984,0,0
WRE1,8/15/1984,0.00032,0.0022
WRE1,8/16/1984,0,0
WRE1,8/17/1984,0,0
WRE1,8/18/1984,0,0
WRE1,8/19/1984,0,0
WRE1,8/20/1984,0,0
WRE1,8/21/1984,0,0
WRE1,8/22/1984,0,0
WRE1,8/23/1984,0,0
WRE1,8/24/1984,0,0
WRE1,8/25/1984,0,0
WRE1,8/26/1984,0,0
WRE1,8/27/1984,0,0
WRE1,8/28/1984,0,0
WRE1,8/29/1984,0,0
WRE1,8/30/1984,0,0
WRE1,8/31/1984,0,0
WRE1,9/1/1984,0,0
WRE1,9/2/1984,0,0
WRE1,9/3/1984,0,0
WRE1,9/4/1984,0,0
WRE1,9/5/1984,0,0
WRE1,9/6/1984,0,0
WRE1,9/7/1984,0,0
WRE1,9/8/1984,0,0
WRE1,9/9/1984,0,0
WRE1,9/10/1984,0,0
WRE1,9/11/1984,0,0
WRE1,9/12/1984,0,0
WRE1,9/13/1984,0,0
WRE1,9/14/1984,0,0
WRE1,9/15/1984,0,0
WRE1,9/16/1984,0,0
WRE1,9/17/1984,0,0
WRE1,9/18/1984,0,0
WRE1,9/19/1984,0,0
WRE1,9/20/1984,0,0
WRE1,9/21/1984,0,0
WRE1,9/22/1984,0,0
WRE1,9/23/1984,0,0
WRE1,9/24/1984,0,0
WRE1,9/25/1984,0,0
WRE1,9/26/1984,0,0
WRE1,9/27/1984,0,0
WRE1,9/28/1984,0,0
WRE1,9/29/1984,0,0
WRE1,9/30/1984,0,0
WRE1,10/1/1984,0,0
WRE1,10/2/1984,0,0
WRE1,10/3/1984,0,0
WRE1,10/4/1984,0,0
WRE1,10/5/1984,0,0
WRE1,10/6/1984,0,0
WRE1,10/7/1984,0,0
WRE1,10/8/1984,0,0
WRE1,10/9/1984,0,0
WRE1,10/10/1984,0,0
WRE1,10/11/1984,0,0
WRE1,10/12/1984,0,0
WRE1,10/13/1984,0,0
WRE1,10/14/1984,0,0
WRE1,10/15/1984,0,0
WRE1,10/16/1984,0,0
WRE1,10/17/1984,0,0
WRE1,10/18/1984,0,0
WRE1,10/19/1984,0,0
WRE1,10/20/1984,0,0
WRE1,10/21/1984,0,0
WRE1,10/22/1984,0,0
WRE1,10/23/1984,0,0
WRE1,10/24/1984,0,0
WRE1,10/25/1984,0,0
WRE1,10/26/1984,0,0
WRE1,10/27/1984,0,0
WRE1,10/28/1984,0,0
WRE1,10/29/1984,0,0
WRE1,10/30/1984,0,0
WRE1,10/31/1984,0,0
WRE1,11/1/1984,0,0
WRE1,11/2/1984,0,0
WRE1,11/3/1984,0,0
WRE1,11/4/1984,0,0
WRE1,11/5/1984,0,0
WRE1,11/6/1984,0,0
WRE1,11/7/1984,0,0
WRE1,11/8/1984,0,0
WRE1,11/9/1984,0,0
WRE1,11/10/1984,0,0
WRE1,11/11/1984,0,0
WRE1,11/12/1984,0,0
WRE1,11/13/1984,0,0
WRE1,11/14/1984,0,0
WRE1,11/15/1984,0,0
WRE1,11/16/1984,0,0
WRE1,11/17/1984,0,0
WRE1,11/18/1984,0,0
WRE1,11/19/1984,0,0
WRE1,11/20/1984,0,0
WRE1,11/21/1984,0,0
WRE1,11/22/1984,0,0
WRE1,11/23/1984,0,0
WRE1,11/24/1984,0,0
WRE1,11/25/1984,0,0
WRE1,11/26/1984,0,0
WRE1,11/27/1984,0,0
WRE1,11/28/1984,0,0
WRE1,11/29/1984,0,0
WRE1,11/30/1984,0,0
WRE1,12/1/1984,0,0
WRE1,12/2/1984,0,0
WRE1,12/3/1984,0,0
WRE1,12/4/1984,0,0
WRE1,12/5/1984,0,0
WRE1,12/6/1984,0,0
WRE1,12/7/1984,0,0
WRE1,12/8/1984,0,0
WRE1,12/9/1984,0,0
WRE1,12/10/1984,0,0
WRE1,12/11/1984,0,0
WRE1,12/12/1984,0,0
WRE1,12/13/1984,0,0
WRE1,12/14/1984,0,0
WRE1,12/15/1984,0,0
WRE1,12/16/1984,0,0
WRE1,12/17/1984,0,0
WRE1,12/18/1984,0,0
WRE1,12/19/1984,0,0
WRE1,12/20/1984,0,0
WRE1,12/21/1984,0,0
WRE1,12/22/1984,0,0
WRE1,12/23/1984,0,0
WRE1,12/24/1984,0,0
WRE1,12/25/1984,0,0
WRE1,12/26/1984,0,0
WRE1,12/27/1984,0,0
WRE1,12/28/1984,0,0
WRE1,12/29/1984,0,0
WRE1,12/30/1984,0,0
WRE1,12/31/1984,0,0
WRE1,1/1/1985,0,0
WRE1,1/2/1985,0,0
WRE1,1/3/1985,0,0
WRE1,1/4/1985,0,0
WRE1,1/5/1985,0,0
WRE1,1/6/1985,0,0
WRE1,1/7/1985,0,0
WRE1,1/8/1985,0,0
WRE1,1/9/1985,0,0
WRE1,1/10/1985,0,0
WRE1,1/11/1985,0,0
WRE1,1/12/1985,0,0
WRE1,1/13/1985,0,0
WRE1,1/14/1985,0,0
WRE1,1/15/1985,0,0
WRE1,1/16/1985,0,0
WRE1,1/17/1985,0,0
WRE1,1/18/1985,0,0
WRE1,1/19/1985,0,0
WRE1,1/20/1985,0,0
WRE1,1/21/1985,0,0
WRE1,1/22/1985,0,0
WRE1,1/23/1985,0,0
WRE1,1/24/1985,0,0
WRE1,1/25/1985,0,0
WRE1,1/26/1985,0,0
WRE1,1/27/1985,0,0
WRE1,1/28/1985,0,0
WRE1,1/29/1985,0,0
WRE1,1/30/1985,0,0
WRE1,1/31/1985,0,0
WRE1,2/1/1985,0,0
WRE1,2/2/1985,0,0
WRE1,2/3/1985,0,0
WRE1,2/4/1985,0,0
WRE1,2/5/1985,0,0
WRE1,2/6/1985,0,0
WRE1,2/7/1985,0,0
WRE1,2/8/1985,0,0
WRE1,2/9/1985,0,0
WRE1,2/10/1985,0,0
WRE1,2/11/1985,0,0
WRE1,2/12/1985,0,0
WRE1,2/13/1985,0,0
WRE1,2/14/1985,0,0
WRE1,2/15/1985,0,0
WRE1,2/16/1985,0,0
WRE1,2/17/1985,0,0
WRE1,2/18/1985,0,0
WRE1,2/19/1985,0,0
WRE1,2/20/1985,0,0
WRE1,2/21/1985,0,0
WRE1,2/22/1985,0.29679,8.3601
WRE1,2/23/1985,1.44957,34.2866
WRE1,2/24/1985,0.03057,0.1386
WRE1,2/25/1985,0,0
WRE1,2/26/1985,0,0
WRE1,2/27/1985,0,0
WRE1,2/28/1985,0,0
WRE1,3/1/1985,0,0
WRE1,3/2/1985,0,0
WRE1,3/3/1985,1.57124,32.7086
WRE1,3/4/1985,0.07043,0.6093
WRE1,3/5/1985,0,0
WRE1,3/6/1985,0,0
WRE1,3/7/1985,0,0
WRE1,3/8/1985,0,0
WRE1,3/9/1985,0,0
WRE1,3/10/1985,0,0
WRE1,3/11/1985,0,0
WRE1,3/12/1985,0,0
WRE1,3/13/1985,0,0
WRE1,3/14/1985,0,0
WRE1,3/15/1985,0,0
WRE1,3/16/1985,0,0
WRE1,3/17/1985,0,0
WRE1,3/18/1985,0,0
WRE1,3/19/1985,0,0
WRE1,3/20/1985,0.82674,7.7907
WRE1,3/21/1985,0.17775,1.6112
WRE1,3/22/1985,0.04856,0.4401
WRE1,3/23/1985,0,0
WRE1,3/24/1985,0,0
WRE1,3/25/1985,0,0
WRE1,3/26/1985,0,0
WRE1,3/27/1985,0,0
WRE1,3/28/1985,0,0
WRE1,3/29/1985,0.00007,0.0013
WRE1,3/30/1985,0.29595,7.4457
WRE1,3/31/1985,0,0
WRE1,4/1/1985,0,0
WRE1,4/2/1985,0,0
WRE1,4/3/1985,0,0
WRE1,4/4/1985,0,0
WRE1,4/5/1985,0,0
WRE1,4/6/1985,0,0
WRE1,4/7/1985,0,0
WRE1,4/8/1985,0,0
WRE1,4/9/1985,0,0
WRE1,4/10/1985,0,0
WRE1,4/11/1985,0,0
WRE1,4/12/1985,0,0
WRE1,4/13/1985,0.00222,0.0345
WRE1,4/14/1985,0,0
WRE1,4/15/1985,0,0
WRE1,4/16/1985,0,0
WRE1,4/17/1985,0,0
WRE1,4/18/1985,0,0
WRE1,4/19/1985,0,0
WRE1,4/20/1985,0,0
WRE1,4/21/1985,0,0
WRE1,4/22/1985,0.02998,0.2994
WRE1,4/23/1985,0.00701,0.0636
WRE1,4/24/1985,0,0
WRE1,4/25/1985,0,0
WRE1,4/26/1985,0,0
WRE1,4/27/1985,0.12851,1.3137
WRE1,4/28/1985,0,0
WRE1,4/29/1985,0,0
WRE1,4/30/1985,0.85177,12.3988
WRE1,5/1/1985,0.04778,0.4331
WRE1,5/2/1985,0,0
WRE1,5/3/1985,0,0
WRE1,5/4/1985,0,0
WRE1,5/5/1985,0,0
WRE1,5/6/1985,0,0
WRE1,5/7/1985,0,0
WRE1,5/8/1985,0,0
WRE1,5/9/1985,0,0
WRE1,5/10/1985,0,0
WRE1,5/11/1985,0,0
WRE1,5/12/1985,0,0
WRE1,5/13/1985,0,0
WRE1,5/14/1985,0,0
WRE1,5/15/1985,0,0
WRE1,5/16/1985,0,0
WRE1,5/17/1985,0,0
WRE1,5/18/1985,0,0
WRE1,5/19/1985,0,0
WRE1,5/20/1985,0,0
WRE1,5/21/1985,0,0
WRE1,5/22/1985,0,0
WRE1,5/23/1985,0,0
WRE1,5/24/1985,0,0
WRE1,5/25/1985,0,0
WRE1,5/26/1985,0,0
WRE1,5/27/1985,0,0
WRE1,5/28/1985,0,0
WRE1,5/29/1985,0,0
WRE1,5/30/1985,0,0
WRE1,5/31/1985,0,0
WRE1,6/1/1985,0.00025,0.0023
WRE1,6/2/1985,0,0
WRE1,6/3/1985,0.00015,0.0014
WRE1,6/4/1985,0.00088,0.0079
WRE1,6/5/1985,0.00148,0.0134
WRE1,6/6/1985,0,0
WRE1,6/7/1985,0,0
WRE1,6/8/1985,0,0
WRE1,6/9/1985,0,0
WRE1,6/10/1985,0,0
WRE1,6/11/1985,0,0
WRE1,6/12/1985,0,0
WRE1,6/13/1985,0,0
WRE1,6/14/1985,0,0
WRE1,6/15/1985,0,0
WRE1,6/16/1985,0,0
WRE1,6/17/1985,0,0
WRE1,6/18/1985,0,0
WRE1,6/19/1985,0,0
WRE1,6/20/1985,0,0
WRE1,6/21/1985,0,0
WRE1,6/22/1985,0,0
WRE1,6/23/1985,0,0
WRE1,6/24/1985,0,0
WRE1,6/25/1985,0,0
WRE1,6/26/1985,0,0
WRE1,6/27/1985,0,0
WRE1,6/28/1985,0,0
WRE1,6/29/1985,0,0
WRE1,6/30/1985,0,0
WRE1,7/1/1985,0,0
WRE1,7/2/1985,0,0
WRE1,7/3/1985,0,0
WRE1,7/4/1985,0,0
WRE1,7/5/1985,0,0
WRE1,7/6/1985,0,0
WRE1,7/7/1985,0,0
WRE1,7/8/1985,0,0
WRE1,7/9/1985,0,0
WRE1,7/10/1985,0,0
WRE1,7/11/1985,0,0
WRE1,7/12/1985,0,0
WRE1,7/13/1985,0,0
WRE1,7/14/1985,0,0
WRE1,7/15/1985,0,0
WRE1,7/16/1985,0,0
WRE1,7/17/1985,0,0
WRE1,7/18/1985,0,0
WRE1,7/19/1985,0,0
WRE1,7/20/1985,0,0
WRE1,7/21/1985,0,0
WRE1,7/22/1985,0,0
WRE1,7/23/1985,0,0
WRE1,7/24/1985,0,0
WRE1,7/25/1985,0,0
WRE1,7/26/1985,0,0
WRE1,7/27/1985,0,0
WRE1,7/28/1985,0,0
WRE1,7/29/1985,0,0
WRE1,7/30/1985,0,0
WRE1,7/31/1985,0,0
WRE1,8/1/1985,0,0
WRE1,8/2/1985,0,0
WRE1,8/3/1985,0,0
WRE1,8/4/1985,0,0
WRE1,8/5/1985,0,0
WRE1,8/6/1985,0,0
WRE1,8/7/1985,0,0
WRE1,8/8/1985,0,0
WRE1,8/9/1985,0,0
WRE1,8/10/1985,0,0
WRE1,8/11/1985,0,0
WRE1,8/12/1985,0,0
WRE1,8/13/1985,0,0
WRE1,8/14/1985,0,0
WRE1,8/15/1985,0,0
WRE1,8/16/1985,0,0
WRE1,8/17/1985,0,0
WRE1,8/18/1985,0,0
WRE1,8/19/1985,0,0
WRE1,8/20/1985,0,0
WRE1,8/21/1985,0,0
WRE1,8/22/1985,0,0
WRE1,8/23/1985,0,0
WRE1,8/24/1985,0,0
WRE1,8/25/1985,0,0
WRE1,8/26/1985,0,0
WRE1,8/27/1985,0,0
WRE1,8/28/1985,0,0
WRE1,8/29/1985,0,0
WRE1,8/30/1985,0,0
WRE1,8/31/1985,0,0
WRE1,9/1/1985,0,0
WRE1,9/2/1985,0,0
WRE1,9/3/1985,0,0
WRE1,9/4/1985,0,0
WRE1,9/5/1985,0,0
WRE1,9/6/1985,0,0
WRE1,9/7/1985,0,0
WRE1,9/8/1985,0,0
WRE1,9/9/1985,0,0
WRE1,9/10/1985,0,0
WRE1,9/11/1985,0,0
WRE1,9/12/1985,0,0
WRE1,9/13/1985,0,0
WRE1,9/14/1985,0,0
WRE1,9/15/1985,0,0
WRE1,9/16/1985,0,0
WRE1,9/17/1985,0,0
WRE1,9/18/1985,0,0
WRE1,9/19/1985,0,0
WRE1,9/20/1985,0,0
WRE1,9/21/1985,0,0
WRE1,9/22/1985,0.00105,0.0093
WRE1,9/23/1985,0,0
WRE1,9/24/1985,0,0
WRE1,9/25/1985,0,0
WRE1,9/26/1985,0,0
WRE1,9/27/1985,0,0
WRE1,9/28/1985,0,0
WRE1,9/29/1985,0,0
WRE1,9/30/1985,0,0
WRE1,10/1/1985,0,0
WRE1,10/2/1985,0,0
WRE1,10/3/1985,0,0
WRE1,10/4/1985,0,0
WRE1,10/5/1985,0,0
WRE1,10/6/1985,0,0
WRE1,10/7/1985,0,0
WRE1,10/8/1985,0,0
WRE1,10/9/1985,0,0
WRE1,10/10/1985,0,0
WRE1,10/11/1985,0,0
WRE1,10/12/1985,0,0
WRE1,10/13/1985,0,0
WRE1,10/14/1985,0,0
WRE1,10/15/1985,0,0
WRE1,10/16/1985,0,0
WRE1,10/17/1985,0.00172,0.0156
WRE1,10/18/1985,0.01154,0.1046
WRE1,10/19/1985,0,0
WRE1,10/20/1985,0,0
WRE1,10/21/1985,0,0
WRE1,10/22/1985,0,0
WRE1,10/23/1985,0,0
WRE1,10/24/1985,0,0
WRE1,10/25/1985,0,0
WRE1,10/26/1985,0,0
WRE1,10/27/1985,0,0
WRE1,10/28/1985,0,0
WRE1,10/29/1985,0,0
WRE1,10/30/1985,0,0
WRE1,10/31/1985,0,0
WRE1,11/1/1985,0,0
WRE1,11/2/1985,0,0
WRE1,11/3/1985,0,0
WRE1,11/4/1985,0,0
WRE1,11/5/1985,0,0
WRE1,11/6/1985,0,0
WRE1,11/7/1985,0,0
WRE1,11/8/1985,0,0
WRE1,11/9/1985,0,0
WRE1,11/10/1985,0,0
WRE1,11/11/1985,0,0
WRE1,11/12/1985,0,0
WRE1,11/13/1985,0,0
WRE1,11/14/1985,0,0
WRE1,11/15/1985,0,0
WRE1,11/16/1985,0,0
WRE1,11/17/1985,0,0
WRE1,11/18/1985,0,0
WRE1,11/19/1985,0,0
WRE1,11/20/1985,0,0
WRE1,11/21/1985,0,0
WRE1,11/22/1985,0,0
WRE1,11/23/1985,0,0
WRE1,11/24/1985,0,0
WRE1,11/25/1985,0,0
WRE1,11/26/1985,0,0
WRE1,11/27/1985,0,0
WRE1,11/28/1985,0,0
WRE1,11/29/1985,0,0
WRE1,11/30/1985,0,0
WRE1,12/1/1985,0,0
WRE1,12/2/1985,0,0
WRE1,12/3/1985,0,0
WRE1,12/4/1985,0,0
WRE1,12/5/1985,0,0
WRE1,12/6/1985,0,0
WRE1,12/7/1985,0,0
WRE1,12/8/1985,0,0
WRE1,12/9/1985,0,0
WRE1,12/10/1985,0,0
WRE1,12/11/1985,0,0
WRE1,12/12/1985,0,0
WRE1,12/13/1985,0,0
WRE1,12/14/1985,0,0
WRE1,12/15/1985,0,0
WRE1,12/16/1985,0,0
WRE1,12/17/1985,0,0
WRE1,12/18/1985,0,0
WRE1,12/19/1985,0,0
WRE1,12/20/1985,0,0
WRE1,12/21/1985,0,0
WRE1,12/22/1985,0,0
WRE1,12/23/1985,0,0
WRE1,12/24/1985,0,0
WRE1,12/25/1985,0,0
WRE1,12/26/1985,0,0
WRE1,12/27/1985,0,0
WRE1,12/28/1985,0,0
WRE1,12/29/1985,0,0
WRE1,12/30/1985,0,0
WRE1,12/31/1985,0,0
WRE1,1/1/1986,0,0
WRE1,1/2/1986,0,0
WRE1,1/3/1986,0,0
WRE1,1/4/1986,0,0
WRE1,1/5/1986,0,0
WRE1,1/6/1986,0,0
WRE1,1/7/1986,0,0
WRE1,1/8/1986,0,0
WRE1,1/9/1986,0,0
WRE1,1/10/1986,0,0
WRE1,1/11/1986,0,0
WRE1,1/12/1986,0,0
WRE1,1/13/1986,0,0
WRE1,1/14/1986,0,0
WRE1,1/15/1986,0,0
WRE1,1/16/1986,0,0
WRE1,1/17/1986,0,0
WRE1,1/18/1986,0,0
WRE1,1/19/1986,0,0
WRE1,1/20/1986,0,0
WRE1,1/21/1986,0,0
WRE1,1/22/1986,0,0
WRE1,1/23/1986,0,0
WRE1,1/24/1986,0,0
WRE1,1/25/1986,0,0
WRE1,1/26/1986,0,0
WRE1,1/27/1986,0,0
WRE1,1/28/1986,0,0
WRE1,1/29/1986,0,0
WRE1,1/30/1986,0,0
WRE1,1/31/1986,0,0
WRE1,2/1/1986,0,0
WRE1,2/2/1986,0,0
WRE1,2/3/1986,0,0
WRE1,2/4/1986,0,0
WRE1,2/5/1986,0,0
WRE1,2/6/1986,0,0
WRE1,2/7/1986,0,0
WRE1,2/8/1986,0,0
WRE1,2/9/1986,0,0
WRE1,2/10/1986,0,0
WRE1,2/11/1986,0,0
WRE1,2/12/1986,0,0
WRE1,2/13/1986,0,0
WRE1,2/14/1986,0,0
WRE1,2/15/1986,0,0
WRE1,2/16/1986,0,0
WRE1,2/17/1986,0,0
WRE1,2/18/1986,0,0
WRE1,2/19/1986,0,0
WRE1,2/20/1986,0,0
WRE1,2/21/1986,0,0
WRE1,2/22/1986,0,0
WRE1,2/23/1986,0,0
WRE1,2/24/1986,0,0
WRE1,2/25/1986,0,0
WRE1,2/26/1986,0,0
WRE1,2/27/1986,0,0
WRE1,2/28/1986,0,0
WRE1,3/1/1986,0,0
WRE1,3/2/1986,0,0
WRE1,3/3/1986,0,0
WRE1,3/4/1986,0,0
WRE1,3/5/1986,0,0
WRE1,3/6/1986,0,0
WRE1,3/7/1986,0,0
WRE1,3/8/1986,0,0
WRE1,3/9/1986,0,0
WRE1,3/10/1986,0,0
WRE1,3/11/1986,0,0
WRE1,3/12/1986,0,0
WRE1,3/13/1986,0,0
WRE1,3/14/1986,0,0
WRE1,3/15/1986,0,0
WRE1,3/16/1986,0,0
WRE1,3/17/1986,0,0
WRE1,3/18/1986,0,0
WRE1,3/19/1986,0,0
WRE1,3/20/1986,0,0
WRE1,3/21/1986,0,0
WRE1,3/22/1986,0,0
WRE1,3/23/1986,0,0
WRE1,3/24/1986,0,0
WRE1,3/25/1986,0,0
WRE1,3/26/1986,0,0
WRE1,3/27/1986,0,0
WRE1,3/28/1986,0,0
WRE1,3/29/1986,0,0
WRE1,3/30/1986,0,0
WRE1,3/31/1986,0,0
WRE1,4/1/1986,0,0
WRE1,4/2/1986,0,0
WRE1,4/3/1986,0,0
WRE1,4/4/1986,0,0
WRE1,4/5/1986,0,0
WRE1,4/6/1986,0,0
WRE1,4/7/1986,0,0
WRE1,4/8/1986,0,0
WRE1,4/9/1986,0,0
WRE1,4/10/1986,0,0
WRE1,4/11/1986,0,0
WRE1,4/12/1986,0,0
WRE1,4/13/1986,0,0
WRE1,4/14/1986,0,0
WRE1,4/15/1986,0,0
WRE1,4/16/1986,0,0
WRE1,4/17/1986,0,0
WRE1,4/18/1986,0,0
WRE1,4/19/1986,0,0
WRE1,4/20/1986,0,0
WRE1,4/21/1986,0,0
WRE1,4/22/1986,0,0
WRE1,4/23/1986,0,0
WRE1,4/24/1986,0,0